日期,国家,确诊人数,治愈人数,死亡人数,新增确诊,新增治愈,新增死亡,现有确诊,扩散指数
2020/2/2,奥地利,0,0,0,0,0,0,0,0
2020/2/3,奥地利,0,0,0,0,0,0,0,0
2020/2/4,奥地利,0,0,0,0,0,0,0,0
2020/2/5,奥地利,0,0,0,0,0,0,0,0
2020/2/6,奥地利,0,0,0,0,0,0,0,0
2020/2/7,奥地利,0,0,0,0,0,0,0,0
2020/2/8,奥地利,0,0,0,0,0,0,0,0
2020/2/9,奥地利,0,0,0,0,0,0,0,0
2020/2/10,奥地利,0,0,0,0,0,0,0,0
2020/2/11,奥地利,0,0,0,0,0,0,0,0
2020/2/12,奥地利,0,0,0,0,0,0,0,0
2020/2/13,奥地利,0,0,0,0,0,0,0,0
2020/2/14,奥地利,0,0,0,0,0,0,0,0
2020/2/15,奥地利,0,0,0,0,0,0,0,0
2020/2/16,奥地利,0,0,0,0,0,0,0,0
2020/2/17,奥地利,0,0,0,0,0,0,0,0
2020/2/18,奥地利,0,0,0,0,0,0,0,0
2020/2/19,奥地利,0,0,0,0,0,0,0,0
2020/2/20,奥地利,0,0,0,0,0,0,0,0
2020/2/21,奥地利,0,0,0,0,0,0,0,0
2020/2/22,奥地利,0,0,0,0,0,0,0,0
2020/2/23,奥地利,0,0,0,0,0,0,0,0
2020/2/24,奥地利,0,0,0,0,0,0,0,0
2020/2/25,奥地利,2,0,0,2,0,0,2,0
2020/2/26,奥地利,2,0,0,0,0,0,2,0
2020/2/27,奥地利,3,0,0,1,0,0,3,0.5
2020/2/28,奥地利,5,0,0,2,0,0,5,0.666666667
2020/2/29,奥地利,10,0,0,5,0,0,10,1
2020/3/1,奥地利,14,0,0,4,0,0,14,0.4
2020/3/2,奥地利,16,0,0,2,0,0,16,0.142857143
2020/3/3,奥地利,24,0,0,8,0,0,24,0.5
2020/3/4,奥地利,24,0,0,0,0,0,24,0
2020/3/5,奥地利,41,0,0,17,0,0,41,0.708333333
2020/3/6,奥地利,55,0,0,14,0,0,55,0.341463415
2020/3/7,奥地利,79,0,0,24,0,0,79,0.436363636
2020/3/8,奥地利,104,0,0,25,0,0,104,0.316455696
2020/3/9,奥地利,131,2,0,27,2,0,129,0.259615385
2020/3/10,奥地利,182,4,0,51,2,0,178,0.395348837
2020/3/11,奥地利,246,4,0,64,0,0,242,0.359550562
2020/3/12,奥地利,361,4,1,115,0,1,356,0.475206612
2020/3/13,奥地利,504,6,1,143,2,0,497,0.401685393
2020/3/14,奥地利,655,6,1,151,0,0,648,0.303822938
2020/3/15,奥地利,860,6,2,205,0,1,852,0.316358025
2020/3/16,奥地利,1016,6,3,156,0,1,1007,0.183098592
2020/3/17,奥地利,1332,9,3,316,3,0,1320,0.313803376
2020/3/18,奥地利,1646,9,4,314,0,1,1633,0.237878788
2020/3/19,奥地利,2179,9,6,533,0,2,2164,0.326393141
2020/3/20,奥地利,2649,9,6,470,0,0,2634,0.217190388
2020/3/21,奥地利,2695,9,7,46,0,1,2679,0.017463933
2020/3/22,奥地利,3244,9,16,549,0,9,3219,0.204927212
2020/3/23,奥地利,3924,9,21,680,0,5,3894,0.211245728
2020/3/24,奥地利,4876,9,28,952,0,7,4839,0.244478685
2020/3/25,奥地利,5560,9,30,684,0,2,5521,0.141351519
2020/3/26,奥地利,6001,9,42,441,0,12,5950,0.079876834
2020/3/27,奥地利,7557,9,49,1556,0,7,7499,0.261512605
2020/3/28,奥地利,8271,225,68,714,216,19,7978,0.095212695
2020/3/29,奥地利,8774,479,86,503,254,18,8209,0.063048383
2020/3/30,奥地利,9618,636,108,844,157,22,8874,0.102813985
2020/3/31,奥地利,10180,1095,128,562,459,20,8957,0.06333108
2020/4/1,奥地利,10711,1436,146,531,341,18,9129,0.059283242
2020/4/2,奥地利,11129,1749,158,418,313,12,9222,0.045788148
2020/4/3,奥地利,11506,2022,168,377,273,10,9316,0.040880503
2020/4/4,奥地利,11781,2507,186,275,485,18,9088,0.029519107
2020/2/2,澳大利亚,12,2,0,0,0,0,10,0
2020/2/3,澳大利亚,12,2,0,0,0,0,10,0
2020/2/4,澳大利亚,13,2,0,1,0,0,11,0.1
2020/2/5,澳大利亚,14,2,0,1,0,0,12,0.090909091
2020/2/6,澳大利亚,15,5,0,1,3,0,10,0.083333333
2020/2/7,澳大利亚,15,5,0,0,0,0,10,0
2020/2/8,澳大利亚,15,5,0,0,0,0,10,0
2020/2/9,澳大利亚,15,5,0,0,0,0,10,0
2020/2/10,澳大利亚,15,5,0,0,0,0,10,0
2020/2/11,澳大利亚,15,5,0,0,0,0,10,0
2020/2/12,澳大利亚,15,5,0,0,0,0,10,0
2020/2/13,澳大利亚,15,5,0,0,0,0,10,0
2020/2/14,澳大利亚,15,5,0,0,0,0,10,0
2020/2/15,澳大利亚,15,5,0,0,0,0,10,0
2020/2/16,澳大利亚,15,5,0,0,0,0,10,0
2020/2/17,澳大利亚,15,5,0,0,0,0,10,0
2020/2/18,澳大利亚,15,5,0,0,0,0,10,0
2020/2/19,澳大利亚,15,5,0,0,0,0,10,0
2020/2/20,澳大利亚,17,5,0,2,0,0,12,0.2
2020/2/21,澳大利亚,17,5,0,0,0,0,12,0
2020/2/22,澳大利亚,17,5,0,0,0,0,12,0
2020/2/23,澳大利亚,22,10,0,5,5,0,12,0.416666667
2020/2/24,澳大利亚,22,10,0,0,0,0,12,0
2020/2/25,澳大利亚,23,15,0,1,5,0,8,0.083333333
2020/2/26,澳大利亚,23,15,0,0,0,0,8,0
2020/2/27,澳大利亚,23,15,0,0,0,0,8,0
2020/2/28,澳大利亚,25,15,0,2,0,0,10,0.25
2020/2/29,澳大利亚,25,15,0,0,0,0,10,0
2020/3/1,澳大利亚,28,15,1,3,0,1,12,0.3
2020/3/2,澳大利亚,33,15,1,5,0,0,17,0.416666667
2020/3/3,澳大利亚,40,21,1,7,6,0,18,0.411764706
2020/3/4,澳大利亚,44,21,2,4,0,1,21,0.222222222
2020/3/5,澳大利亚,60,21,2,16,0,0,37,0.761904762
2020/3/6,澳大利亚,64,21,2,4,0,0,41,0.108108108
2020/3/7,澳大利亚,74,21,3,10,0,1,50,0.243902439
2020/3/8,澳大利亚,83,21,3,9,0,0,59,0.18
2020/3/9,澳大利亚,101,22,3,18,1,0,76,0.305084746
2020/3/10,澳大利亚,117,22,3,16,0,0,92,0.210526316
2020/3/11,澳大利亚,128,24,3,11,2,0,101,0.119565217
2020/3/12,澳大利亚,159,24,3,31,0,0,132,0.306930693
2020/3/13,澳大利亚,159,24,3,0,0,0,132,0
2020/3/14,澳大利亚,236,24,3,77,0,0,209,0.583333333
2020/3/15,澳大利亚,272,24,5,36,0,2,243,0.172248804
2020/3/16,澳大利亚,368,27,6,96,3,1,335,0.395061728
2020/3/17,澳大利亚,449,27,6,81,0,0,416,0.241791045
2020/3/18,澳大利亚,596,27,6,147,0,0,563,0.353365385
2020/3/19,澳大利亚,636,27,6,40,0,0,603,0.071047957
2020/3/20,澳大利亚,929,46,7,293,19,1,876,0.485903814
2020/3/21,澳大利亚,1051,46,7,122,0,0,998,0.139269406
2020/3/22,澳大利亚,1609,46,7,558,0,0,1556,0.559118236
2020/3/23,澳大利亚,1887,118,7,278,72,0,1762,0.178663239
2020/3/24,澳大利亚,2317,118,8,430,0,1,2191,0.244040863
2020/3/25,澳大利亚,2423,118,8,106,0,0,2297,0.048379735
2020/3/26,澳大利亚,2985,170,12,562,52,4,2803,0.244666957
2020/3/27,澳大利亚,3143,170,13,158,0,1,2960,0.056368177
2020/3/28,澳大利亚,3809,170,14,666,0,1,3625,0.225
2020/3/29,澳大利亚,4148,244,16,339,74,2,3888,0.093517241
2020/3/30,澳大利亚,4361,257,17,213,13,1,4087,0.054783951
2020/3/31,澳大利亚,4559,358,18,198,101,1,4183,0.048446293
2020/4/1,澳大利亚,4862,422,20,303,64,2,4420,0.072436051
2020/4/2,澳大利亚,5116,520,24,254,98,4,4572,0.057466063
2020/4/3,澳大利亚,5330,649,28,214,129,4,4653,0.046806649
2020/4/4,澳大利亚,5500,701,30,170,52,2,4769,0.036535568
2020/2/2,巴西,0,0,0,0,0,0,0,0
2020/2/3,巴西,0,0,0,0,0,0,0,0
2020/2/4,巴西,0,0,0,0,0,0,0,0
2020/2/5,巴西,0,0,0,0,0,0,0,0
2020/2/6,巴西,0,0,0,0,0,0,0,0
2020/2/7,巴西,0,0,0,0,0,0,0,0
2020/2/8,巴西,0,0,0,0,0,0,0,0
2020/2/9,巴西,0,0,0,0,0,0,0,0
2020/2/10,巴西,0,0,0,0,0,0,0,0
2020/2/11,巴西,0,0,0,0,0,0,0,0
2020/2/12,巴西,0,0,0,0,0,0,0,0
2020/2/13,巴西,0,0,0,0,0,0,0,0
2020/2/14,巴西,0,0,0,0,0,0,0,0
2020/2/15,巴西,0,0,0,0,0,0,0,0
2020/2/16,巴西,0,0,0,0,0,0,0,0
2020/2/17,巴西,0,0,0,0,0,0,0,0
2020/2/18,巴西,0,0,0,0,0,0,0,0
2020/2/19,巴西,0,0,0,0,0,0,0,0
2020/2/20,巴西,0,0,0,0,0,0,0,0
2020/2/21,巴西,0,0,0,0,0,0,0,0
2020/2/22,巴西,0,0,0,0,0,0,0,0
2020/2/23,巴西,0,0,0,0,0,0,0,0
2020/2/24,巴西,0,0,0,0,0,0,0,0
2020/2/25,巴西,0,0,0,0,0,0,0,0
2020/2/26,巴西,1,0,0,1,0,0,1,0
2020/2/27,巴西,1,0,0,0,0,0,1,0
2020/2/28,巴西,1,0,0,0,0,0,1,0
2020/2/29,巴西,2,0,0,1,0,0,2,1
2020/3/1,巴西,2,0,0,0,0,0,2,0
2020/3/2,巴西,2,0,0,0,0,0,2,0
2020/3/3,巴西,2,0,0,0,0,0,2,0
2020/3/4,巴西,3,0,0,1,0,0,3,0.5
2020/3/5,巴西,8,0,0,5,0,0,8,1.666666667
2020/3/6,巴西,13,0,0,5,0,0,13,0.625
2020/3/7,巴西,19,0,0,6,0,0,19,0.461538462
2020/3/8,巴西,25,0,0,6,0,0,25,0.315789474
2020/3/9,巴西,25,0,0,0,0,0,25,0
2020/3/10,巴西,34,0,0,9,0,0,34,0.36
2020/3/11,巴西,52,0,0,18,0,0,52,0.529411765
2020/3/12,巴西,77,0,0,25,0,0,77,0.480769231
2020/3/13,巴西,98,0,0,21,0,0,98,0.272727273
2020/3/14,巴西,151,0,0,53,0,0,151,0.540816327
2020/3/15,巴西,176,0,0,25,0,0,176,0.165562914
2020/3/16,巴西,200,0,0,24,0,0,200,0.136363636
2020/3/17,巴西,290,0,1,90,0,1,289,0.45
2020/3/18,巴西,514,0,4,224,0,3,510,0.775086505
2020/3/19,巴西,514,0,4,0,0,0,510,0
2020/3/20,巴西,970,2,11,456,2,7,957,0.894117647
2020/3/21,巴西,1128,2,18,158,0,7,1108,0.165099269
2020/3/22,巴西,1546,2,25,418,0,7,1519,0.377256318
2020/3/23,巴西,1891,2,34,345,0,9,1855,0.227123107
2020/3/24,巴西,2201,2,46,310,0,12,2153,0.167115903
2020/3/25,巴西,2433,2,57,232,0,11,2374,0.107756619
2020/3/26,巴西,2915,2,57,482,0,0,2856,0.203032856
2020/3/27,巴西,3417,6,92,502,4,35,3319,0.175770308
2020/3/28,巴西,3904,6,111,487,0,19,3787,0.146730943
2020/3/29,巴西,4256,6,136,352,0,25,4114,0.092949564
2020/3/30,巴西,4630,120,163,374,114,27,4347,0.090909091
2020/3/31,巴西,5717,127,201,1087,7,38,5389,0.250057511
2020/4/1,巴西,6836,127,240,1119,0,39,6469,0.207645203
2020/4/2,巴西,8044,127,324,1208,0,84,7593,0.186736744
2020/4/3,巴西,9194,127,363,1150,0,39,8704,0.151455288
2020/4/4,巴西,10360,127,445,1166,0,82,9788,0.133961397
2020/2/2,比利时,0,0,0,0,0,0,0,0
2020/2/3,比利时,0,0,0,0,0,0,0,0
2020/2/4,比利时,1,0,0,1,0,0,1,0
2020/2/5,比利时,1,0,0,0,0,0,1,0
2020/2/6,比利时,1,0,0,0,0,0,1,0
2020/2/7,比利时,1,0,0,0,0,0,1,0
2020/2/8,比利时,1,0,0,0,0,0,1,0
2020/2/9,比利时,1,0,0,0,0,0,1,0
2020/2/10,比利时,1,0,0,0,0,0,1,0
2020/2/11,比利时,1,0,0,0,0,0,1,0
2020/2/12,比利时,1,0,0,0,0,0,1,0
2020/2/13,比利时,1,0,0,0,0,0,1,0
2020/2/14,比利时,1,0,0,0,0,0,1,0
2020/2/15,比利时,1,0,0,0,0,0,1,0
2020/2/16,比利时,1,0,0,0,0,0,1,0
2020/2/17,比利时,1,0,0,0,0,0,1,0
2020/2/18,比利时,1,1,0,0,1,0,0,0
2020/2/19,比利时,1,1,0,0,0,0,0,0
2020/2/20,比利时,1,1,0,0,0,0,0,0
2020/2/21,比利时,1,1,0,0,0,0,0,0
2020/2/22,比利时,1,1,0,0,0,0,0,0
2020/2/23,比利时,1,1,0,0,0,0,0,0
2020/2/24,比利时,1,1,0,0,0,0,0,0
2020/2/25,比利时,1,1,0,0,0,0,0,0
2020/2/26,比利时,1,1,0,0,0,0,0,0
2020/2/27,比利时,1,1,0,0,0,0,0,0
2020/2/28,比利时,1,1,0,0,0,0,0,0
2020/2/29,比利时,1,1,0,0,0,0,0,0
2020/3/1,比利时,2,1,0,1,0,0,1,0
2020/3/2,比利时,8,1,0,6,0,0,7,6
2020/3/3,比利时,13,1,0,5,0,0,12,0.714285714
2020/3/4,比利时,23,1,0,10,0,0,22,0.833333333
2020/3/5,比利时,50,1,0,27,0,0,49,1.227272727
2020/3/6,比利时,109,1,0,59,0,0,108,1.204081633
2020/3/7,比利时,169,1,0,60,0,0,168,0.555555556
2020/3/8,比利时,200,1,0,31,0,0,199,0.18452381
2020/3/9,比利时,239,1,0,39,0,0,238,0.195979899
2020/3/10,比利时,267,1,0,28,0,0,266,0.117647059
2020/3/11,比利时,314,1,3,47,0,3,310,0.176691729
2020/3/12,比利时,399,1,3,85,0,0,395,0.274193548
2020/3/13,比利时,556,1,3,157,0,0,552,0.397468354
2020/3/14,比利时,689,1,4,133,0,1,684,0.240942029
2020/3/15,比利时,886,1,4,197,0,0,881,0.288011696
2020/3/16,比利时,1085,1,4,199,0,0,1080,0.225879682
2020/3/17,比利时,1243,1,10,158,0,6,1232,0.146296296
2020/3/18,比利时,1486,1,14,243,0,4,1471,0.19724026
2020/3/19,比利时,1795,1,21,309,0,7,1773,0.210061183
2020/3/20,比利时,2257,1,37,462,0,16,2219,0.260575296
2020/3/21,比利时,2815,1,67,558,0,30,2747,0.251464624
2020/3/22,比利时,3401,1,75,586,0,8,3325,0.213323626
2020/3/23,比利时,3743,350,88,342,349,13,3305,0.102857143
2020/3/24,比利时,4269,350,122,526,0,34,3797,0.159152799
2020/3/25,比利时,4937,350,122,668,0,0,4465,0.175928364
2020/3/26,比利时,6235,675,220,1298,325,98,5340,0.290705487
2020/3/27,比利时,7284,675,289,1049,0,69,6320,0.196441948
2020/3/28,比利时,9134,1063,353,1850,388,64,7718,0.292721519
2020/3/29,比利时,10836,1063,431,1702,0,78,9342,0.220523452
2020/3/30,比利时,11899,1527,513,1063,464,82,9859,0.113787198
2020/3/31,比利时,12775,1696,705,876,169,192,10374,0.088852825
2020/4/1,比利时,13964,2132,828,1189,436,123,11004,0.114613457
2020/4/2,比利时,15348,2495,1011,1384,363,183,11842,0.125772446
2020/4/3,比利时,16770,2872,1143,1422,377,132,12755,0.120081067
2020/4/4,比利时,18431,3247,1283,1661,375,140,13901,0.130223442
2020/2/2,丹麦,0,0,0,0,0,0,0,0
2020/2/3,丹麦,0,0,0,0,0,0,0,0
2020/2/4,丹麦,0,0,0,0,0,0,0,0
2020/2/5,丹麦,0,0,0,0,0,0,0,0
2020/2/6,丹麦,0,0,0,0,0,0,0,0
2020/2/7,丹麦,0,0,0,0,0,0,0,0
2020/2/8,丹麦,0,0,0,0,0,0,0,0
2020/2/9,丹麦,0,0,0,0,0,0,0,0
2020/2/10,丹麦,0,0,0,0,0,0,0,0
2020/2/11,丹麦,0,0,0,0,0,0,0,0
2020/2/12,丹麦,0,0,0,0,0,0,0,0
2020/2/13,丹麦,0,0,0,0,0,0,0,0
2020/2/14,丹麦,0,0,0,0,0,0,0,0
2020/2/15,丹麦,0,0,0,0,0,0,0,0
2020/2/16,丹麦,0,0,0,0,0,0,0,0
2020/2/17,丹麦,0,0,0,0,0,0,0,0
2020/2/18,丹麦,0,0,0,0,0,0,0,0
2020/2/19,丹麦,0,0,0,0,0,0,0,0
2020/2/20,丹麦,0,0,0,0,0,0,0,0
2020/2/21,丹麦,0,0,0,0,0,0,0,0
2020/2/22,丹麦,0,0,0,0,0,0,0,0
2020/2/23,丹麦,0,0,0,0,0,0,0,0
2020/2/24,丹麦,0,0,0,0,0,0,0,0
2020/2/25,丹麦,0,0,0,0,0,0,0,0
2020/2/26,丹麦,0,0,0,0,0,0,0,0
2020/2/27,丹麦,1,0,0,1,0,0,1,0
2020/2/28,丹麦,2,0,0,1,0,0,2,1
2020/2/29,丹麦,3,0,0,1,0,0,3,0.5
2020/3/1,丹麦,3,0,0,0,0,0,3,0
2020/3/2,丹麦,4,0,0,1,0,0,4,0.333333333
2020/3/3,丹麦,10,0,0,6,0,0,10,1.5
2020/3/4,丹麦,15,0,0,5,0,0,15,0.5
2020/3/5,丹麦,20,0,0,5,0,0,20,0.333333333
2020/3/6,丹麦,23,0,0,3,0,0,23,0.15
2020/3/7,丹麦,27,0,0,4,0,0,27,0.173913043
2020/3/8,丹麦,35,0,0,8,0,0,35,0.296296296
2020/3/9,丹麦,90,1,0,55,1,0,89,1.571428571
2020/3/10,丹麦,262,1,0,172,0,0,261,1.93258427
2020/3/11,丹麦,514,1,0,252,0,0,513,0.965517241
2020/3/12,丹麦,674,1,0,160,0,0,673,0.311890838
2020/3/13,丹麦,801,1,0,127,0,0,800,0.188707281
2020/3/14,丹麦,827,1,0,26,0,0,826,0.0325
2020/3/15,丹麦,864,1,3,37,0,3,860,0.044794189
2020/3/16,丹麦,914,1,4,50,0,1,909,0.058139535
2020/3/17,丹麦,977,1,4,63,0,0,972,0.069306931
2020/3/18,丹麦,1117,1,4,140,0,0,1112,0.144032922
2020/3/19,丹麦,1225,1,6,108,0,2,1218,0.097122302
2020/3/20,丹麦,1255,1,9,30,0,3,1245,0.024630542
2020/3/21,丹麦,1326,1,13,71,0,4,1312,0.057028112
2020/3/22,丹麦,1395,1,13,69,0,0,1381,0.052591463
2020/3/23,丹麦,1460,1,24,65,0,11,1435,0.047067343
2020/3/24,丹麦,1591,1,32,131,0,8,1558,0.091289199
2020/3/25,丹麦,1724,1,34,133,0,2,1689,0.085365854
2020/3/26,丹麦,1877,1,41,153,0,7,1835,0.090586146
2020/3/27,丹麦,2199,1,41,322,0,0,2157,0.175476839
2020/3/28,丹麦,2366,1,65,167,0,24,2300,0.077422346
2020/3/29,丹麦,2395,1,72,29,0,7,2322,0.012608696
2020/3/30,丹麦,2755,73,77,360,72,5,2605,0.15503876
2020/3/31,丹麦,3039,77,90,284,4,13,2872,0.109021113
2020/4/1,丹麦,3290,971,104,251,894,14,2215,0.087395543
2020/4/2,丹麦,3573,1172,123,283,201,19,2278,0.127765237
2020/4/3,丹麦,3946,1287,139,373,115,16,2520,0.163740123
2020/4/4,丹麦,4269,1379,161,323,92,22,2729,0.128174603
2020/2/2,德国,10,0,0,0,0,0,10,0
2020/2/3,德国,12,0,0,2,0,0,12,0.2
2020/2/4,德国,12,0,0,0,0,0,12,0
2020/2/5,德国,12,0,0,0,0,0,12,0
2020/2/6,德国,13,0,0,1,0,0,13,0.083333333
2020/2/7,德国,13,0,0,0,0,0,13,0
2020/2/8,德国,13,0,0,0,0,0,13,0
2020/2/9,德国,14,0,0,1,0,0,14,0.076923077
2020/2/10,德国,14,0,0,0,0,0,14,0
2020/2/11,德国,14,0,0,0,0,0,14,0
2020/2/12,德国,16,0,0,2,0,0,16,0.142857143
2020/2/13,德国,16,1,0,0,1,0,15,0
2020/2/14,德国,16,1,0,0,0,0,15,0
2020/2/15,德国,16,1,0,0,0,0,15,0
2020/2/16,德国,16,1,0,0,0,0,15,0
2020/2/17,德国,16,7,0,0,6,0,9,0
2020/2/18,德国,16,7,0,0,0,0,9,0
2020/2/19,德国,16,7,0,0,0,0,9,0
2020/2/20,德国,16,7,0,0,0,0,9,0
2020/2/21,德国,16,7,0,0,0,0,9,0
2020/2/22,德国,16,7,0,0,0,0,9,0
2020/2/23,德国,16,14,0,0,7,0,2,0
2020/2/24,德国,16,14,0,0,0,0,2,0
2020/2/25,德国,18,14,0,2,0,0,4,1
2020/2/26,德国,27,14,0,9,0,0,13,2.25
2020/2/27,德国,48,14,0,21,0,0,34,1.615384615
2020/2/28,德国,62,14,0,14,0,0,48,0.411764706
2020/2/29,德国,115,16,0,53,2,0,99,1.104166667
2020/3/1,德国,130,16,0,15,0,0,114,0.151515152
2020/3/2,德国,157,16,0,27,0,0,141,0.236842105
2020/3/3,德国,196,16,0,39,0,0,180,0.276595745
2020/3/4,德国,344,16,0,148,0,0,328,0.822222222
2020/3/5,德国,500,16,0,156,0,0,484,0.475609756
2020/3/6,德国,639,16,0,139,0,0,623,0.287190083
2020/3/7,德国,795,16,0,156,0,0,779,0.250401284
2020/3/8,德国,1040,18,0,245,2,0,1022,0.314505777
2020/3/9,德国,1151,18,2,111,0,2,1131,0.108610568
2020/3/10,德国,1565,18,2,414,0,0,1545,0.366047745
2020/3/11,德国,1966,25,3,401,7,1,1938,0.259546926
2020/3/12,德国,2745,25,6,779,0,3,2714,0.401960784
2020/3/13,德国,3675,46,8,930,21,2,3621,0.342667649
2020/3/14,德国,4585,46,9,910,0,1,4530,0.251311792
2020/3/15,德国,5142,46,9,557,0,0,5087,0.122958057
2020/3/16,德国,6012,46,13,870,0,4,5953,0.171024179
2020/3/17,德国,9257,115,24,3245,69,11,9118,0.545103309
2020/3/18,德国,12327,115,28,3070,0,4,12184,0.336696644
2020/3/19,德国,15320,115,44,2993,0,16,15161,0.245650033
2020/3/20,德国,19848,180,68,4528,65,24,19600,0.298661038
2020/3/21,德国,22364,239,84,2516,59,16,22041,0.128367347
2020/3/22,德国,23921,266,92,1557,27,8,23563,0.070641078
2020/3/23,德国,29056,453,123,5135,187,31,28480,0.21792641
2020/3/24,德国,32986,3243,157,3930,2790,34,29586,0.137991573
2020/3/25,德国,37323,3547,206,4337,304,49,33570,0.146589603
2020/3/26,德国,43211,5678,262,5888,2131,56,37271,0.175394698
2020/3/27,德国,50871,6658,342,7660,980,80,43871,0.205521719
2020/3/28,德国,57695,8481,433,6824,1823,91,48781,0.155546944
2020/3/29,德国,62095,9211,525,4400,730,92,52359,0.090199053
2020/3/30,德国,66885,13500,645,4790,4289,120,52740,0.091483795
2020/3/31,德国,71808,16100,775,4923,2600,130,54933,0.09334471
2020/4/1,德国,77872,18700,920,6064,2600,145,58252,0.110389019
2020/4/2,德国,84794,22440,1107,6922,3740,187,61247,0.118828538
2020/4/3,德国,91159,24575,1275,6365,2135,168,65309,0.103923457
2020/4/4,德国,96092,26400,1444,4933,1825,169,68248,0.075533234
2020/2/2,俄罗斯,2,0,0,0,0,0,2,0
2020/2/3,俄罗斯,2,0,0,0,0,0,2,0
2020/2/4,俄罗斯,2,0,0,0,0,0,2,0
2020/2/5,俄罗斯,2,0,0,0,0,0,2,0
2020/2/6,俄罗斯,2,0,0,0,0,0,2,0
2020/2/7,俄罗斯,2,0,0,0,0,0,2,0
2020/2/8,俄罗斯,2,0,0,0,0,0,2,0
2020/2/9,俄罗斯,2,0,0,0,0,0,2,0
2020/2/10,俄罗斯,2,0,0,0,0,0,2,0
2020/2/11,俄罗斯,2,0,0,0,0,0,2,0
2020/2/12,俄罗斯,2,0,0,0,0,0,2,0
2020/2/13,俄罗斯,2,0,0,0,0,0,2,0
2020/2/14,俄罗斯,2,0,0,0,0,0,2,0
2020/2/15,俄罗斯,2,0,0,0,0,0,2,0
2020/2/16,俄罗斯,2,0,0,0,0,0,2,0
2020/2/17,俄罗斯,2,0,0,0,0,0,2,0
2020/2/18,俄罗斯,2,2,0,0,2,0,0,0
2020/2/19,俄罗斯,2,2,0,0,0,0,0,0
2020/2/20,俄罗斯,2,2,0,0,0,0,0,0
2020/2/21,俄罗斯,2,2,0,0,0,0,0,0
2020/2/22,俄罗斯,2,2,0,0,0,0,0,0
2020/2/23,俄罗斯,2,2,0,0,0,0,0,0
2020/2/24,俄罗斯,2,2,0,0,0,0,0,0
2020/2/25,俄罗斯,2,2,0,0,0,0,0,0
2020/2/26,俄罗斯,2,2,0,0,0,0,0,0
2020/2/27,俄罗斯,5,2,0,3,0,0,3,0
2020/2/28,俄罗斯,5,2,0,0,0,0,3,0
2020/2/29,俄罗斯,5,2,0,0,0,0,3,0
2020/3/1,俄罗斯,5,2,0,0,0,0,3,0
2020/3/2,俄罗斯,6,2,0,1,0,0,4,0.333333333
2020/3/3,俄罗斯,6,2,0,0,0,0,4,0
2020/3/4,俄罗斯,6,2,0,0,0,0,4,0
2020/3/5,俄罗斯,7,2,0,1,0,0,5,0.25
2020/3/6,俄罗斯,13,2,0,6,0,0,11,1.2
2020/3/7,俄罗斯,17,2,0,4,0,0,15,0.363636364
2020/3/8,俄罗斯,17,2,0,0,0,0,15,0
2020/3/9,俄罗斯,20,3,0,3,1,0,17,0.2
2020/3/10,俄罗斯,20,3,0,0,0,0,17,0
2020/3/11,俄罗斯,28,3,0,8,0,0,25,0.470588235
2020/3/12,俄罗斯,34,3,0,6,0,0,31,0.24
2020/3/13,俄罗斯,45,8,0,11,5,0,37,0.35483871
2020/3/14,俄罗斯,59,8,0,14,0,0,51,0.378378378
2020/3/15,俄罗斯,64,8,0,5,0,0,56,0.098039216
2020/3/16,俄罗斯,93,8,0,29,0,0,85,0.517857143
2020/3/17,俄罗斯,114,8,0,21,0,0,106,0.247058824
2020/3/18,俄罗斯,147,8,0,33,0,0,139,0.311320755
2020/3/19,俄罗斯,199,8,1,52,0,1,190,0.374100719
2020/3/20,俄罗斯,253,8,1,54,0,0,244,0.284210526
2020/3/21,俄罗斯,306,16,1,53,8,0,289,0.217213115
2020/3/22,俄罗斯,367,16,1,61,0,0,350,0.211072664
2020/3/23,俄罗斯,438,17,1,71,1,0,420,0.202857143
2020/3/24,俄罗斯,498,17,1,60,0,0,480,0.142857143
2020/3/25,俄罗斯,658,29,1,160,12,0,628,0.333333333
2020/3/26,俄罗斯,840,38,3,182,9,2,799,0.289808917
2020/3/27,俄罗斯,1036,45,4,196,7,1,987,0.245306633
2020/3/28,俄罗斯,1264,49,4,228,4,0,1211,0.23100304
2020/3/29,俄罗斯,1534,64,8,270,15,4,1462,0.222956235
2020/3/30,俄罗斯,1836,66,9,302,2,1,1761,0.206566347
2020/3/31,俄罗斯,2337,121,17,501,55,8,2199,0.284497445
2020/4/1,俄罗斯,2777,190,24,440,69,7,2563,0.20009095
2020/4/2,俄罗斯,3548,235,30,771,45,6,3283,0.300819352
2020/4/3,俄罗斯,4149,281,34,601,46,4,3834,0.18306427
2020/4/4,俄罗斯,4731,333,43,582,52,9,4355,0.151799687
2020/2/2,法国,6,0,0,0,0,0,6,0
2020/2/3,法国,6,0,0,0,0,0,6,0
2020/2/4,法国,6,0,0,0,0,0,6,0
2020/2/5,法国,6,0,0,0,0,0,6,0
2020/2/6,法国,6,0,0,0,0,0,6,0
2020/2/7,法国,6,0,0,0,0,0,6,0
2020/2/8,法国,11,0,0,5,0,0,11,0.833333333
2020/2/9,法国,11,0,0,0,0,0,11,0
2020/2/10,法国,11,0,0,0,0,0,11,0
2020/2/11,法国,11,0,0,0,0,0,11,0
2020/2/12,法国,11,0,0,0,0,0,11,0
2020/2/13,法国,11,0,0,0,0,0,11,0
2020/2/14,法国,11,0,0,0,0,0,11,0
2020/2/15,法国,12,4,1,1,4,1,7,0.090909091
2020/2/16,法国,12,4,1,0,0,0,7,0
2020/2/17,法国,12,4,1,0,0,0,7,0
2020/2/18,法国,12,4,1,0,0,0,7,0
2020/2/19,法国,12,4,1,0,0,0,7,0
2020/2/20,法国,12,4,1,0,0,0,7,0
2020/2/21,法国,12,4,1,0,0,0,7,0
2020/2/22,法国,12,4,1,0,0,0,7,0
2020/2/23,法国,12,4,1,0,0,0,7,0
2020/2/24,法国,12,11,1,0,7,0,0,0
2020/2/25,法国,14,11,1,2,0,0,2,0
2020/2/26,法国,18,11,2,4,0,1,5,2
2020/2/27,法国,38,12,2,20,1,0,24,4
2020/2/28,法国,57,12,2,19,0,0,43,0.791666667
2020/2/29,法国,100,12,2,43,0,0,86,1
2020/3/1,法国,130,12,2,30,0,0,116,0.348837209
2020/3/2,法国,191,12,3,61,0,1,176,0.525862069
2020/3/3,法国,212,12,4,21,0,1,196,0.119318182
2020/3/4,法国,285,12,4,73,0,0,269,0.37244898
2020/3/5,法国,423,12,7,138,0,3,404,0.513011152
2020/3/6,法国,613,12,9,190,0,2,592,0.47029703
2020/3/7,法国,949,12,16,336,0,7,921,0.567567568
2020/3/8,法国,1209,12,19,260,0,3,1178,0.282301846
2020/3/9,法国,1412,12,30,203,0,11,1370,0.172325976
2020/3/10,法国,1888,21,33,476,9,3,1834,0.347445255
2020/3/11,法国,2281,21,48,393,0,15,2212,0.214285714
2020/3/12,法国,2889,28,61,608,7,13,2800,0.274864376
2020/3/13,法国,3661,28,79,772,0,18,3554,0.275714286
2020/3/14,法国,4500,28,91,839,0,12,4381,0.236072032
2020/3/15,法国,5423,28,127,923,0,36,5268,0.210682493
2020/3/16,法国,6633,28,148,1210,0,21,6457,0.229688686
2020/3/17,法国,7730,602,175,1097,574,27,6953,0.169893139
2020/3/18,法国,9134,602,264,1404,0,89,8268,0.201927226
2020/3/19,法国,10995,1300,264,1861,698,0,9431,0.225084664
2020/3/20,法国,12612,1587,450,1617,287,186,10575,0.171455837
2020/3/21,法国,14459,1587,562,1847,0,112,12310,0.17465721
2020/3/22,法国,16018,1587,674,1559,0,112,13757,0.126645004
2020/3/23,法国,19856,2200,860,3838,613,186,16796,0.278985244
2020/3/24,法国,22302,3281,1100,2446,1081,240,17921,0.145629912
2020/3/25,法国,25233,3900,1331,2931,619,231,20002,0.163551141
2020/3/26,法国,29306,3900,1697,4073,0,366,23709,0.203629637
2020/3/27,法国,33115,5700,1996,3809,1800,299,25419,0.160656291
2020/3/28,法国,37726,5700,2315,4611,0,319,29711,0.18139974
2020/3/29,法国,40874,7226,2612,3148,1526,297,31036,0.105954024
2020/3/30,法国,44701,7927,3025,3827,701,413,33749,0.123308416
2020/3/31,法国,52987,9522,3533,8286,1595,508,39932,0.245518386
2020/4/1,法国,57786,11053,4044,4799,1531,511,42689,0.120179305
2020/4/2,法国,59966,12548,5399,2180,1495,1355,42019,0.05106702
2020/4/3,法国,65239,14135,6521,5273,1587,1122,44583,0.125490849
2020/4/4,法国,90885,15572,7575,25646,1437,1054,67738,0.575241684
2020/2/2,韩国,15,0,0,0,0,0,15,0
2020/2/3,韩国,15,0,0,0,0,0,15,0
2020/2/4,韩国,16,0,0,1,0,0,16,0.066666667
2020/2/5,韩国,19,1,0,3,1,0,18,0.1875
2020/2/6,韩国,24,2,0,5,1,0,22,0.277777778
2020/2/7,韩国,24,2,0,0,0,0,22,0
2020/2/8,韩国,24,2,0,0,0,0,22,0
2020/2/9,韩国,27,3,0,3,1,0,24,0.136363636
2020/2/10,韩国,28,3,0,1,0,0,25,0.041666667
2020/2/11,韩国,28,3,0,0,0,0,25,0
2020/2/12,韩国,28,3,0,0,0,0,25,0
2020/2/13,韩国,28,3,0,0,0,0,25,0
2020/2/14,韩国,28,3,0,0,0,0,25,0
2020/2/15,韩国,29,9,0,1,6,0,20,0.04
2020/2/16,韩国,30,9,0,1,0,0,21,0.05
2020/2/17,韩国,31,10,0,1,1,0,21,0.047619048
2020/2/18,韩国,51,10,0,20,0,0,41,0.952380952
2020/2/19,韩国,104,12,0,53,2,0,92,1.292682927
2020/2/20,韩国,204,12,1,100,0,1,191,1.086956522
2020/2/21,韩国,433,12,2,229,0,1,419,1.19895288
2020/2/22,韩国,602,12,3,169,0,1,587,0.403341289
2020/2/23,韩国,833,12,7,231,0,4,814,0.393526405
2020/2/24,韩国,977,12,8,144,0,1,957,0.176904177
2020/2/25,韩国,1261,22,11,284,10,3,1228,0.296760711
2020/2/26,韩国,1595,24,12,334,2,1,1559,0.271986971
2020/2/27,韩国,2022,24,13,427,0,1,1985,0.273893521
2020/2/28,韩国,2931,24,16,909,0,3,2891,0.457934509
2020/2/29,韩国,3526,28,17,595,4,1,3481,0.205811138
2020/3/1,韩国,4212,31,22,686,3,5,4159,0.197069808
2020/3/2,韩国,4812,31,26,600,0,4,4755,0.144265448
2020/3/3,韩国,5328,31,32,516,0,6,5265,0.10851735
2020/3/4,韩国,5766,31,36,438,0,4,5699,0.083190883
2020/3/5,韩国,6284,88,43,518,57,7,6153,0.090893139
2020/3/6,韩国,6767,108,43,483,20,0,6616,0.078498294
2020/3/7,韩国,7134,118,48,367,10,5,6968,0.055471584
2020/3/8,韩国,7382,130,51,248,12,3,7201,0.035591274
2020/3/9,韩国,7513,247,54,131,117,3,7212,0.018191918
2020/3/10,韩国,7755,288,60,242,41,6,7407,0.033555186
2020/3/11,韩国,7869,333,66,114,45,6,7470,0.015390846
2020/3/12,韩国,7979,510,67,110,177,1,7402,0.014725569
2020/3/13,韩国,8086,510,72,107,0,5,7504,0.014455553
2020/3/14,韩国,8162,834,75,76,324,3,7253,0.010127932
2020/3/15,韩国,8236,1137,75,74,303,0,7024,0.010202675
2020/3/16,韩国,8320,1401,81,84,264,6,6838,0.011958998
2020/3/17,韩国,8413,1401,83,93,0,2,6929,0.013600468
2020/3/18,韩国,8565,1540,92,152,139,9,6933,0.021936787
2020/3/19,韩国,8652,1947,92,87,407,0,6613,0.01254868
2020/3/20,韩国,8799,2612,102,147,665,10,6085,0.022228943
2020/3/21,韩国,8897,2612,102,98,0,0,6183,0.016105177
2020/3/22,韩国,8961,3166,111,64,554,9,5684,0.010350962
2020/3/23,韩国,9037,3507,120,76,341,9,5410,0.013370866
2020/3/24,韩国,9137,3730,126,100,223,6,5281,0.018484288
2020/3/25,韩国,9241,3730,126,104,0,0,5385,0.01969324
2020/3/26,韩国,9332,4528,139,91,798,13,4665,0.016898793
2020/3/27,韩国,9478,4528,139,146,0,0,4811,0.031296892
2020/3/28,韩国,9583,4811,144,105,283,5,4628,0.021824984
2020/3/29,韩国,9661,5033,152,78,222,8,4476,0.016853933
2020/3/30,韩国,9786,5408,162,125,375,10,4216,0.02792672
2020/3/31,韩国,9887,5567,165,101,159,3,4155,0.023956357
2020/4/1,韩国,9976,5828,169,89,261,4,3979,0.021419976
2020/4/2,韩国,10062,6021,174,86,193,5,3867,0.021613471
2020/4/3,韩国,10156,6325,177,94,304,3,3654,0.024308249
2020/4/4,韩国,10237,6463,183,81,138,6,3591,0.022167488
2020/2/2,荷兰,0,0,0,0,0,0,0,0
2020/2/3,荷兰,0,0,0,0,0,0,0,0
2020/2/4,荷兰,0,0,0,0,0,0,0,0
2020/2/5,荷兰,0,0,0,0,0,0,0,0
2020/2/6,荷兰,0,0,0,0,0,0,0,0
2020/2/7,荷兰,0,0,0,0,0,0,0,0
2020/2/8,荷兰,0,0,0,0,0,0,0,0
2020/2/9,荷兰,0,0,0,0,0,0,0,0
2020/2/10,荷兰,0,0,0,0,0,0,0,0
2020/2/11,荷兰,0,0,0,0,0,0,0,0
2020/2/12,荷兰,0,0,0,0,0,0,0,0
2020/2/13,荷兰,0,0,0,0,0,0,0,0
2020/2/14,荷兰,0,0,0,0,0,0,0,0
2020/2/15,荷兰,0,0,0,0,0,0,0,0
2020/2/16,荷兰,0,0,0,0,0,0,0,0
2020/2/17,荷兰,0,0,0,0,0,0,0,0
2020/2/18,荷兰,0,0,0,0,0,0,0,0
2020/2/19,荷兰,0,0,0,0,0,0,0,0
2020/2/20,荷兰,0,0,0,0,0,0,0,0
2020/2/21,荷兰,0,0,0,0,0,0,0,0
2020/2/22,荷兰,0,0,0,0,0,0,0,0
2020/2/23,荷兰,0,0,0,0,0,0,0,0
2020/2/24,荷兰,0,0,0,0,0,0,0,0
2020/2/25,荷兰,0,0,0,0,0,0,0,0
2020/2/26,荷兰,0,0,0,0,0,0,0,0
2020/2/27,荷兰,1,0,0,1,0,0,1,0
2020/2/28,荷兰,2,0,0,1,0,0,2,1
2020/2/29,荷兰,7,0,0,5,0,0,7,2.5
2020/3/1,荷兰,10,0,0,3,0,0,10,0.428571429
2020/3/2,荷兰,10,0,0,0,0,0,10,0
2020/3/3,荷兰,24,0,0,14,0,0,24,1.4
2020/3/4,荷兰,24,0,0,0,0,0,24,0
2020/3/5,荷兰,82,0,0,58,0,0,82,2.416666667
2020/3/6,荷兰,128,0,1,46,0,1,127,0.56097561
2020/3/7,荷兰,188,0,1,60,0,0,187,0.472440945
2020/3/8,荷兰,265,0,3,77,0,2,262,0.411764706
2020/3/9,荷兰,321,0,3,56,0,0,318,0.213740458
2020/3/10,荷兰,382,0,3,61,0,0,379,0.191823899
2020/3/11,荷兰,503,0,5,121,0,2,498,0.319261214
2020/3/12,荷兰,614,0,5,111,0,0,609,0.222891566
2020/3/13,荷兰,804,0,10,190,0,5,794,0.311986864
2020/3/14,荷兰,959,0,12,155,0,2,947,0.195214106
2020/3/15,荷兰,1135,0,20,176,0,8,1115,0.185850053
2020/3/16,荷兰,1413,0,24,278,0,4,1389,0.249327354
2020/3/17,荷兰,1705,0,43,292,0,19,1662,0.210223182
2020/3/18,荷兰,2051,0,58,346,0,15,1993,0.208182912
2020/3/19,荷兰,2460,0,76,409,0,18,2384,0.205218264
2020/3/20,荷兰,2994,0,106,534,0,30,2888,0.223993289
2020/3/21,荷兰,3631,0,136,637,0,30,3495,0.220567867
2020/3/22,荷兰,4204,0,179,573,0,43,4025,0.163948498
2020/3/23,荷兰,4749,0,213,545,0,34,4536,0.135403727
2020/3/24,荷兰,5560,0,276,811,0,63,5284,0.178791887
2020/3/25,荷兰,6412,0,356,852,0,80,6056,0.161241484
2020/3/26,荷兰,7431,0,434,1019,0,78,6997,0.16826288
2020/3/27,荷兰,8641,253,546,1210,253,112,7842,0.172931256
2020/3/28,荷兰,9819,253,640,1178,0,94,8926,0.150216781
2020/3/29,荷兰,10930,253,772,1111,0,132,9905,0.124467847
2020/3/30,荷兰,11817,253,865,887,0,93,10699,0.089550732
2020/3/31,荷兰,12667,253,1040,850,0,175,11374,0.079446677
2020/4/1,荷兰,13696,260,1175,1029,7,135,12261,0.090469492
2020/4/2,荷兰,14788,260,1341,1092,0,166,13187,0.089062882
2020/4/3,荷兰,15821,260,1490,1033,0,149,14071,0.078334724
2020/4/4,荷兰,16727,262,1656,906,2,166,14809,0.064387748
2020/2/2,加拿大,4,0,0,0,0,0,4,0
2020/2/3,加拿大,4,0,0,0,0,0,4,0
2020/2/4,加拿大,5,0,0,1,0,0,5,0.25
2020/2/5,加拿大,5,0,0,0,0,0,5,0
2020/2/6,加拿大,5,0,0,0,0,0,5,0
2020/2/7,加拿大,5,0,0,0,0,0,5,0
2020/2/8,加拿大,7,0,0,2,0,0,7,0.4
2020/2/9,加拿大,7,0,0,0,0,0,7,0
2020/2/10,加拿大,7,0,0,0,0,0,7,0
2020/2/11,加拿大,7,0,0,0,0,0,7,0
2020/2/12,加拿大,7,0,0,0,0,0,7,0
2020/2/13,加拿大,7,0,0,0,0,0,7,0
2020/2/14,加拿大,8,1,0,1,1,0,7,0.142857143
2020/2/15,加拿大,8,1,0,0,0,0,7,0
2020/2/16,加拿大,8,1,0,0,0,0,7,0
2020/2/17,加拿大,8,1,0,0,0,0,7,0
2020/2/18,加拿大,8,1,0,0,0,0,7,0
2020/2/19,加拿大,8,1,0,0,0,0,7,0
2020/2/20,加拿大,8,3,0,0,2,0,5,0
2020/2/21,加拿大,8,3,0,0,0,0,5,0
2020/2/22,加拿大,8,3,0,0,0,0,5,0
2020/2/23,加拿大,10,4,0,2,1,0,6,0.4
2020/2/24,加拿大,11,4,0,1,0,0,7,0.166666667
2020/2/25,加拿大,11,4,0,0,0,0,7,0
2020/2/26,加拿大,12,4,0,1,0,0,8,0.142857143
2020/2/27,加拿大,13,4,0,1,0,0,9,0.125
2020/2/28,加拿大,15,4,0,2,0,0,11,0.222222222
2020/2/29,加拿大,20,4,0,5,0,0,16,0.454545455
2020/3/1,加拿大,20,4,0,0,0,0,16,0
2020/3/2,加拿大,27,7,0,7,3,0,20,0.4375
2020/3/3,加拿大,30,7,0,3,0,0,23,0.15
2020/3/4,加拿大,34,7,0,4,0,0,27,0.173913043
2020/3/5,加拿大,36,7,0,2,0,0,29,0.074074074
2020/3/6,加拿大,50,7,0,14,0,0,43,0.482758621
2020/3/7,加拿大,60,7,0,10,0,0,53,0.23255814
2020/3/8,加拿大,66,7,0,6,0,0,59,0.113207547
2020/3/9,加拿大,77,8,1,11,1,1,68,0.186440678
2020/3/10,加拿大,94,8,1,17,0,0,85,0.25
2020/3/11,加拿大,107,9,1,13,1,0,97,0.152941176
2020/3/12,加拿大,142,11,1,35,2,0,130,0.360824742
2020/3/13,加拿大,198,11,1,56,0,0,186,0.430769231
2020/3/14,加拿大,235,11,1,37,0,0,223,0.198924731
2020/3/15,加拿大,313,11,1,78,0,0,301,0.349775785
2020/3/16,加拿大,436,11,4,123,0,3,421,0.408637874
2020/3/17,加拿大,597,11,8,161,0,4,578,0.382422803
2020/3/18,加拿大,727,12,9,130,1,1,706,0.224913495
2020/3/19,加拿大,873,12,12,146,0,3,849,0.206798867
2020/3/20,加拿大,1087,14,12,214,2,0,1061,0.252061249
2020/3/21,加拿大,1330,14,19,243,0,7,1297,0.229029218
2020/3/22,加拿大,1470,14,21,140,0,2,1435,0.107941403
2020/3/23,加拿大,2091,109,25,621,95,4,1957,0.432752613
2020/3/24,加拿大,2584,109,25,493,0,0,2450,0.251916198
2020/3/25,加拿大,3409,183,36,825,74,11,3190,0.336734694
2020/3/26,加拿大,4043,197,39,634,14,3,3807,0.198746082
2020/3/27,加拿大,4757,354,55,714,157,16,4348,0.187549251
2020/3/28,加拿大,5655,396,60,898,42,5,5199,0.206531739
2020/3/29,加拿大,6280,466,65,625,70,5,5749,0.120215426
2020/3/30,加拿大,7399,466,80,1119,0,15,6853,0.194642547
2020/3/31,加拿大,8527,1592,101,1128,1126,21,6834,0.164599445
2020/4/1,加拿大,9731,1592,111,1204,0,10,8028,0.176177934
2020/4/2,加拿大,11284,1750,139,1553,158,28,9395,0.193447932
2020/4/3,加拿大,12439,2208,183,1155,458,44,10048,0.122937733
2020/4/4,加拿大,12978,2546,218,539,338,35,10214,0.053642516
2020/2/2,捷克,0,0,0,0,0,0,0,0
2020/2/3,捷克,0,0,0,0,0,0,0,0
2020/2/4,捷克,0,0,0,0,0,0,0,0
2020/2/5,捷克,0,0,0,0,0,0,0,0
2020/2/6,捷克,0,0,0,0,0,0,0,0
2020/2/7,捷克,0,0,0,0,0,0,0,0
2020/2/8,捷克,0,0,0,0,0,0,0,0
2020/2/9,捷克,0,0,0,0,0,0,0,0
2020/2/10,捷克,0,0,0,0,0,0,0,0
2020/2/11,捷克,0,0,0,0,0,0,0,0
2020/2/12,捷克,0,0,0,0,0,0,0,0
2020/2/13,捷克,0,0,0,0,0,0,0,0
2020/2/14,捷克,0,0,0,0,0,0,0,0
2020/2/15,捷克,0,0,0,0,0,0,0,0
2020/2/16,捷克,0,0,0,0,0,0,0,0
2020/2/17,捷克,0,0,0,0,0,0,0,0
2020/2/18,捷克,0,0,0,0,0,0,0,0
2020/2/19,捷克,0,0,0,0,0,0,0,0
2020/2/20,捷克,0,0,0,0,0,0,0,0
2020/2/21,捷克,0,0,0,0,0,0,0,0
2020/2/22,捷克,0,0,0,0,0,0,0,0
2020/2/23,捷克,0,0,0,0,0,0,0,0
2020/2/24,捷克,0,0,0,0,0,0,0,0
2020/2/25,捷克,0,0,0,0,0,0,0,0
2020/2/26,捷克,0,0,0,0,0,0,0,0
2020/2/27,捷克,0,0,0,0,0,0,0,0
2020/2/28,捷克,0,0,0,0,0,0,0,0
2020/2/29,捷克,0,0,0,0,0,0,0,0
2020/3/1,捷克,3,0,0,3,0,0,3,0
2020/3/2,捷克,4,0,0,1,0,0,4,0.333333333
2020/3/3,捷克,5,0,0,1,0,0,5,0.25
2020/3/4,捷克,8,0,0,3,0,0,8,0.6
2020/3/5,捷克,12,0,0,4,0,0,12,0.5
2020/3/6,捷克,18,0,0,6,0,0,18,0.5
2020/3/7,捷克,21,0,0,3,0,0,21,0.166666667
2020/3/8,捷克,32,0,0,11,0,0,32,0.523809524
2020/3/9,捷克,38,0,0,6,0,0,38,0.1875
2020/3/10,捷克,61,0,0,23,0,0,61,0.605263158
2020/3/11,捷克,91,0,0,30,0,0,91,0.491803279
2020/3/12,捷克,113,0,0,22,0,0,113,0.241758242
2020/3/13,捷克,141,0,0,28,0,0,141,0.247787611
2020/3/14,捷克,189,0,0,48,0,0,189,0.340425532
2020/3/15,捷克,253,0,0,64,0,0,253,0.338624339
2020/3/16,捷克,344,3,0,91,3,0,341,0.359683794
2020/3/17,捷克,344,3,0,0,0,0,341,0
2020/3/18,捷克,522,3,0,178,0,0,519,0.521994135
2020/3/19,捷克,572,3,0,50,0,0,569,0.096339114
2020/3/20,捷克,833,4,0,261,1,0,829,0.458699473
2020/3/21,捷克,995,6,0,162,2,0,989,0.195416164
2020/3/22,捷克,1120,6,1,125,0,1,1113,0.126390293
2020/3/23,捷克,1236,7,1,116,1,0,1228,0.104222821
2020/3/24,捷克,1394,10,3,158,3,2,1381,0.128664495
2020/3/25,捷克,1654,10,10,260,0,7,1634,0.18826937
2020/3/26,捷克,1925,10,10,271,0,0,1905,0.165850673
2020/3/27,捷克,2279,11,10,354,1,0,2258,0.185826772
2020/3/28,捷克,2631,11,11,352,0,1,2609,0.155890168
2020/3/29,捷克,2805,11,16,174,0,5,2778,0.066692219
2020/3/30,捷克,3001,25,23,196,14,7,2953,0.070554356
2020/3/31,捷克,3308,45,31,307,20,8,3232,0.103962072
2020/4/1,捷克,3508,61,39,200,16,8,3408,0.061881188
2020/4/2,捷克,3858,67,44,350,6,5,3747,0.102699531
2020/4/3,捷克,4190,72,53,332,5,9,4065,0.088604217
2020/4/4,捷克,4472,78,59,282,6,6,4335,0.069372694
2020/2/2,美国,11,0,0,0,0,0,11,0
2020/2/3,美国,11,1,0,0,1,0,10,0
2020/2/4,美国,11,1,0,0,0,0,10,0
2020/2/5,美国,12,1,0,1,0,0,11,0.1
2020/2/6,美国,12,1,0,0,0,0,11,0
2020/2/7,美国,12,1,0,0,0,0,11,0
2020/2/8,美国,12,1,0,0,0,0,11,0
2020/2/9,美国,12,1,0,0,0,0,11,0
2020/2/10,美国,13,1,0,1,0,0,12,0.090909091
2020/2/11,美国,13,1,0,0,0,0,12,0
2020/2/12,美国,13,3,0,0,2,0,10,0
2020/2/13,美国,15,3,0,2,0,0,12,0.2
2020/2/14,美国,15,3,0,0,0,0,12,0
2020/2/15,美国,15,3,0,0,0,0,12,0
2020/2/16,美国,15,3,0,0,0,0,12,0
2020/2/17,美国,15,3,0,0,0,0,12,0
2020/2/18,美国,15,3,0,0,0,0,12,0
2020/2/19,美国,15,3,0,0,0,0,12,0
2020/2/20,美国,15,3,0,0,0,0,12,0
2020/2/21,美国,34,3,0,19,0,0,31,1.583333333
2020/2/22,美国,34,3,0,0,0,0,31,0
2020/2/23,美国,35,3,0,1,0,0,32,0.032258065
2020/2/24,美国,53,3,0,18,0,0,50,0.5625
2020/2/25,美国,53,3,0,0,0,0,50,0
2020/2/26,美国,60,3,0,7,0,0,57,0.14
2020/2/27,美国,60,3,0,0,0,0,57,0
2020/2/28,美国,63,3,0,3,0,0,60,0.052631579
2020/2/29,美国,64,3,1,1,0,1,60,0.016666667
2020/3/1,美国,74,3,1,10,0,0,70,0.166666667
2020/3/2,美国,102,3,6,28,0,5,93,0.4
2020/3/3,美国,122,3,9,20,0,3,110,0.215053763
2020/3/4,美国,158,8,11,36,5,2,139,0.327272727
2020/3/5,美国,163,8,12,5,0,1,143,0.035971223
2020/3/6,美国,324,8,14,161,0,2,302,1.125874126
2020/3/7,美国,445,10,19,121,2,5,416,0.400662252
2020/3/8,美国,572,10,21,127,0,2,541,0.305288462
2020/3/9,美国,687,10,22,115,0,1,655,0.212569316
2020/3/10,美国,989,10,29,302,0,7,950,0.461068702
2020/3/11,美国,1300,15,38,311,5,9,1247,0.327368421
2020/3/12,美国,1725,30,41,425,15,3,1654,0.340817963
2020/3/13,美国,2236,31,48,511,1,7,2157,0.308948005
2020/3/14,美国,2943,48,57,707,17,9,2838,0.327770051
2020/3/15,美国,3752,73,68,809,25,11,3611,0.285059901
2020/3/16,美国,4687,74,93,935,1,25,4520,0.258931044
2020/3/17,美国,6436,106,108,1749,32,15,6222,0.386946903
2020/3/18,美国,9041,106,146,2605,0,38,8789,0.418675667
2020/3/19,美国,13572,108,183,4531,2,37,13281,0.515530777
2020/3/20,美国,19469,147,258,5897,39,75,19064,0.44401777
2020/3/21,美国,26664,176,337,7195,29,79,26151,0.377412925
2020/3/22,美国,34041,178,432,7377,2,95,33431,0.282092463
2020/3/23,美国,43224,178,583,9183,0,151,42463,0.274685172
2020/3/24,美国,53601,341,703,10377,163,120,52557,0.244377458
2020/3/25,美国,65534,361,941,11933,20,238,64232,0.227048728
2020/3/26,美国,83066,676,1203,17532,315,262,81187,0.272948063
2020/3/27,美国,101724,869,1586,18658,193,383,99269,0.229815118
2020/3/28,美国,123578,3231,2221,21854,2362,635,118126,0.220149291
2020/3/29,美国,142402,4767,2497,18824,1536,276,135138,0.159355265
2020/3/30,美国,161872,5644,2988,19470,877,491,153240,0.144074946
2020/3/31,美国,188588,7024,3901,26716,1380,913,177663,0.174340903
2020/4/1,美国,213372,8474,4757,24784,1450,856,200141,0.139500065
2020/4/2,美国,244678,9058,5911,31306,584,1154,229709,0.156419724
2020/4/3,美国,276995,9772,7406,32317,714,1495,259817,0.140686695
2020/4/4,美国,311301,14694,8476,34306,4922,1070,288131,0.132039089
2020/2/2,挪威,0,0,0,0,0,0,0,0
2020/2/3,挪威,0,0,0,0,0,0,0,0
2020/2/4,挪威,0,0,0,0,0,0,0,0
2020/2/5,挪威,0,0,0,0,0,0,0,0
2020/2/6,挪威,0,0,0,0,0,0,0,0
2020/2/7,挪威,0,0,0,0,0,0,0,0
2020/2/8,挪威,0,0,0,0,0,0,0,0
2020/2/9,挪威,0,0,0,0,0,0,0,0
2020/2/10,挪威,0,0,0,0,0,0,0,0
2020/2/11,挪威,0,0,0,0,0,0,0,0
2020/2/12,挪威,0,0,0,0,0,0,0,0
2020/2/13,挪威,0,0,0,0,0,0,0,0
2020/2/14,挪威,0,0,0,0,0,0,0,0
2020/2/15,挪威,0,0,0,0,0,0,0,0
2020/2/16,挪威,0,0,0,0,0,0,0,0
2020/2/17,挪威,0,0,0,0,0,0,0,0
2020/2/18,挪威,0,0,0,0,0,0,0,0
2020/2/19,挪威,0,0,0,0,0,0,0,0
2020/2/20,挪威,0,0,0,0,0,0,0,0
2020/2/21,挪威,0,0,0,0,0,0,0,0
2020/2/22,挪威,0,0,0,0,0,0,0,0
2020/2/23,挪威,0,0,0,0,0,0,0,0
2020/2/24,挪威,0,0,0,0,0,0,0,0
2020/2/25,挪威,0,0,0,0,0,0,0,0
2020/2/26,挪威,0,0,0,0,0,0,0,0
2020/2/27,挪威,1,0,0,1,0,0,1,0
2020/2/28,挪威,5,0,0,4,0,0,5,4
2020/2/29,挪威,15,0,0,10,0,0,15,2
2020/3/1,挪威,19,0,0,4,0,0,19,0.266666667
2020/3/2,挪威,25,0,0,6,0,0,25,0.315789474
2020/3/3,挪威,33,0,0,8,0,0,33,0.32
2020/3/4,挪威,56,0,0,23,0,0,56,0.696969697
2020/3/5,挪威,86,0,0,30,0,0,86,0.535714286
2020/3/6,挪威,113,0,0,27,0,0,113,0.313953488
2020/3/7,挪威,147,0,0,34,0,0,147,0.300884956
2020/3/8,挪威,169,0,0,22,0,0,169,0.149659864
2020/3/9,挪威,176,0,0,7,0,0,176,0.041420118
2020/3/10,挪威,400,1,0,224,1,0,399,1.272727273
2020/3/11,挪威,489,1,0,89,0,0,488,0.223057644
2020/3/12,挪威,800,1,1,311,0,1,798,0.637295082
2020/3/13,挪威,800,1,1,0,0,0,798,0
2020/3/14,挪威,996,1,1,196,0,0,994,0.245614035
2020/3/15,挪威,1234,1,3,238,0,2,1230,0.23943662
2020/3/16,挪威,1331,1,3,97,0,0,1327,0.078861789
2020/3/17,挪威,1331,1,3,0,0,0,1327,0
2020/3/18,挪威,1589,1,6,258,0,3,1582,0.194423512
2020/3/19,挪威,1790,1,7,201,0,1,1782,0.127054362
2020/3/20,挪威,1950,1,7,160,0,0,1942,0.089786756
2020/3/21,挪威,2164,1,7,214,0,0,2156,0.110195675
2020/3/22,挪威,2262,1,7,98,0,0,2254,0.045454545
2020/3/23,挪威,2573,1,10,311,0,3,2562,0.13797693
2020/3/24,挪威,2796,1,12,223,0,2,2783,0.087041374
2020/3/25,挪威,3041,1,14,245,0,2,3026,0.088034495
2020/3/26,挪威,3315,1,14,274,0,0,3300,0.090548579
2020/3/27,挪威,3721,1,19,406,0,5,3701,0.123030303
2020/3/28,挪威,4015,7,23,294,6,4,3985,0.07943799
2020/3/29,挪威,4281,7,25,266,0,2,4249,0.066750314
2020/3/30,挪威,4445,12,32,164,5,7,4401,0.038597317
2020/3/31,挪威,4641,13,39,196,1,7,4589,0.044535333
2020/4/1,挪威,4863,13,44,222,0,5,4806,0.048376553
2020/4/2,挪威,5147,32,50,284,19,6,5065,0.059092801
2020/4/3,挪威,5370,32,59,223,0,9,5279,0.044027641
2020/4/4,挪威,5550,32,62,180,0,3,5456,0.034097367
2020/2/2,葡萄牙,0,0,0,0,0,0,0,0
2020/2/3,葡萄牙,0,0,0,0,0,0,0,0
2020/2/4,葡萄牙,0,0,0,0,0,0,0,0
2020/2/5,葡萄牙,0,0,0,0,0,0,0,0
2020/2/6,葡萄牙,0,0,0,0,0,0,0,0
2020/2/7,葡萄牙,0,0,0,0,0,0,0,0
2020/2/8,葡萄牙,0,0,0,0,0,0,0,0
2020/2/9,葡萄牙,0,0,0,0,0,0,0,0
2020/2/10,葡萄牙,0,0,0,0,0,0,0,0
2020/2/11,葡萄牙,0,0,0,0,0,0,0,0
2020/2/12,葡萄牙,0,0,0,0,0,0,0,0
2020/2/13,葡萄牙,0,0,0,0,0,0,0,0
2020/2/14,葡萄牙,0,0,0,0,0,0,0,0
2020/2/15,葡萄牙,0,0,0,0,0,0,0,0
2020/2/16,葡萄牙,0,0,0,0,0,0,0,0
2020/2/17,葡萄牙,0,0,0,0,0,0,0,0
2020/2/18,葡萄牙,0,0,0,0,0,0,0,0
2020/2/19,葡萄牙,0,0,0,0,0,0,0,0
2020/2/20,葡萄牙,0,0,0,0,0,0,0,0
2020/2/21,葡萄牙,0,0,0,0,0,0,0,0
2020/2/22,葡萄牙,0,0,0,0,0,0,0,0
2020/2/23,葡萄牙,0,0,0,0,0,0,0,0
2020/2/24,葡萄牙,0,0,0,0,0,0,0,0
2020/2/25,葡萄牙,0,0,0,0,0,0,0,0
2020/2/26,葡萄牙,0,0,0,0,0,0,0,0
2020/2/27,葡萄牙,0,0,0,0,0,0,0,0
2020/2/28,葡萄牙,0,0,0,0,0,0,0,0
2020/2/29,葡萄牙,0,0,0,0,0,0,0,0
2020/3/1,葡萄牙,0,0,0,0,0,0,0,0
2020/3/2,葡萄牙,2,0,0,2,0,0,2,0
2020/3/3,葡萄牙,2,0,0,0,0,0,2,0
2020/3/4,葡萄牙,5,0,0,3,0,0,5,1.5
2020/3/5,葡萄牙,5,0,0,0,0,0,5,0
2020/3/6,葡萄牙,8,0,0,3,0,0,8,0.6
2020/3/7,葡萄牙,15,0,0,7,0,0,15,0.875
2020/3/8,葡萄牙,30,0,0,15,0,0,30,1
2020/3/9,葡萄牙,30,0,0,0,0,0,30,0
2020/3/10,葡萄牙,30,0,0,0,0,0,30,0
2020/3/11,葡萄牙,59,0,0,29,0,0,59,0.966666667
2020/3/12,葡萄牙,59,0,0,0,0,0,59,0
2020/3/13,葡萄牙,112,0,0,53,0,0,112,0.898305085
2020/3/14,葡萄牙,112,0,0,0,0,0,112,0
2020/3/15,葡萄牙,245,2,0,133,2,0,243,1.1875
2020/3/16,葡萄牙,331,3,0,86,1,0,328,0.353909465
2020/3/17,葡萄牙,448,3,1,117,0,1,444,0.356707317
2020/3/18,葡萄牙,642,4,2,194,1,1,636,0.436936937
2020/3/19,葡萄牙,785,4,2,143,0,0,779,0.224842767
2020/3/20,葡萄牙,1020,5,6,235,1,4,1009,0.301668806
2020/3/21,葡萄牙,1280,5,12,260,0,6,1263,0.257680872
2020/3/22,葡萄牙,1600,5,14,320,0,2,1581,0.253365004
2020/3/23,葡萄牙,2060,5,23,460,0,9,2032,0.290955092
2020/3/24,葡萄牙,2362,5,29,302,0,6,2328,0.148622047
2020/3/25,葡萄牙,2995,22,43,633,17,14,2930,0.271907216
2020/3/26,葡萄牙,3544,43,60,549,21,17,3441,0.187372014
2020/3/27,葡萄牙,4268,43,76,724,0,16,4149,0.210403952
2020/3/28,葡萄牙,5170,43,100,902,0,24,5027,0.217401784
2020/3/29,葡萄牙,5962,43,119,792,0,19,5800,0.157549234
2020/3/30,葡萄牙,6408,43,140,446,0,21,6225,0.076896552
2020/3/31,葡萄牙,7443,43,160,1035,0,20,7240,0.16626506
2020/4/1,葡萄牙,8251,43,187,808,0,27,8021,0.11160221
2020/4/2,葡萄牙,9034,68,209,783,25,22,8757,0.097618751
2020/4/3,葡萄牙,9886,68,246,852,0,37,9572,0.097293594
2020/4/4,葡萄牙,10524,75,266,638,7,20,10183,0.066652737
2020/2/2,日本,20,1,0,0,0,0,19,0
2020/2/3,日本,20,1,0,0,0,0,19,0
2020/2/4,日本,22,1,0,2,0,0,21,0.105263158
2020/2/5,日本,35,1,0,13,0,0,34,0.619047619
2020/2/6,日本,40,1,0,5,0,0,39,0.147058824
2020/2/7,日本,86,1,0,46,0,0,85,1.179487179
2020/2/8,日本,86,1,0,0,0,0,85,0
2020/2/9,日本,96,1,0,10,0,0,95,0.117647059
2020/2/10,日本,150,1,0,54,0,0,149,0.568421053
2020/2/11,日本,161,1,0,11,0,0,160,0.073825503
2020/2/12,日本,203,1,0,42,0,0,202,0.2625
2020/2/13,日本,247,1,1,44,0,1,245,0.217821782
2020/2/14,日本,259,1,1,12,0,0,257,0.048979592
2020/2/15,日本,338,1,1,79,0,0,336,0.307392996
2020/2/16,日本,414,1,1,76,0,0,412,0.226190476
2020/2/17,日本,520,1,1,106,0,0,518,0.257281553
2020/2/18,日本,616,1,1,96,0,0,614,0.185328185
2020/2/19,日本,705,1,1,89,0,0,703,0.14495114
2020/2/20,日本,728,1,3,23,0,2,724,0.032716927
2020/2/21,日本,743,1,3,15,0,0,739,0.020718232
2020/2/22,日本,769,1,3,26,0,0,765,0.035182679
2020/2/23,日本,838,1,4,69,0,1,833,0.090196078
2020/2/24,日本,850,1,4,12,0,0,845,0.014405762
2020/2/25,日本,861,1,4,11,0,0,856,0.013017751
2020/2/26,日本,894,1,5,33,0,1,888,0.038551402
2020/2/27,日本,919,1,8,25,0,3,910,0.028153153
2020/2/28,日本,942,42,11,23,41,3,889,0.025274725
2020/2/29,日本,946,42,11,4,0,0,893,0.004499438
2020/3/1,日本,961,42,12,15,0,1,907,0.016797312
2020/3/2,日本,980,42,12,19,0,0,926,0.020948181
2020/3/3,日本,1000,42,12,20,0,0,946,0.021598272
2020/3/4,日本,1037,42,12,37,0,0,983,0.039112051
2020/3/5,日本,1037,42,12,0,0,0,983,0
2020/3/6,日本,1112,42,12,75,0,0,1058,0.07629705
2020/3/7,日本,1137,42,14,25,0,2,1081,0.02362949
2020/3/8,日本,1190,42,14,53,0,0,1134,0.049028677
2020/3/9,日本,1210,90,15,20,48,1,1105,0.017636684
2020/3/10,日本,1277,111,19,67,21,4,1147,0.060633484
2020/3/11,日本,1324,427,21,47,316,2,876,0.04097646
2020/3/12,日本,1387,511,26,63,84,5,850,0.071917808
2020/3/13,日本,1422,523,28,35,12,2,871,0.041176471
2020/3/14,日本,1483,660,28,61,137,0,795,0.070034443
2020/3/15,日本,1515,660,31,32,0,3,824,0.040251572
2020/3/16,日本,1547,660,35,32,0,4,852,0.038834951
2020/3/17,日本,1592,660,36,45,0,1,896,0.052816901
2020/3/18,日本,1633,660,40,41,0,4,933,0.045758929
2020/3/19,日本,1670,662,40,37,2,0,968,0.03965702
2020/3/20,日本,1728,686,41,58,24,1,1001,0.059917355
2020/3/21,日本,1766,686,44,38,0,3,1036,0.037962038
2020/3/22,日本,1813,799,49,47,113,5,965,0.045366795
2020/3/23,日本,1852,852,52,39,53,3,948,0.040414508
2020/3/24,日本,1921,872,52,69,20,0,997,0.07278481
2020/3/25,日本,2019,900,55,98,28,3,1064,0.098294885
2020/3/26,日本,2111,956,57,92,56,2,1098,0.086466165
2020/3/27,日本,2228,973,59,117,17,2,1196,0.106557377
2020/3/28,日本,2405,1005,62,177,32,3,1338,0.147993311
2020/3/29,日本,2578,1027,64,173,22,2,1487,0.129297459
2020/3/30,日本,2665,1027,66,87,0,2,1572,0.058507061
2020/3/31,日本,2929,1027,77,264,0,11,1825,0.167938931
2020/4/1,日本,3096,1075,79,167,48,2,1942,0.091506849
2020/4/2,日本,3207,1075,84,111,0,5,2048,0.05715757
2020/4/3,日本,3329,1117,85,122,42,1,2127,0.059570313
2020/4/4,日本,4209,1117,95,880,0,10,2997,0.413728256
2020/2/2,瑞典,1,0,0,0,0,0,1,0
2020/2/3,瑞典,1,0,0,0,0,0,1,0
2020/2/4,瑞典,1,0,0,0,0,0,1,0
2020/2/5,瑞典,1,0,0,0,0,0,1,0
2020/2/6,瑞典,1,0,0,0,0,0,1,0
2020/2/7,瑞典,1,0,0,0,0,0,1,0
2020/2/8,瑞典,1,0,0,0,0,0,1,0
2020/2/9,瑞典,1,0,0,0,0,0,1,0
2020/2/10,瑞典,1,0,0,0,0,0,1,0
2020/2/11,瑞典,1,0,0,0,0,0,1,0
2020/2/12,瑞典,1,0,0,0,0,0,1,0
2020/2/13,瑞典,1,0,0,0,0,0,1,0
2020/2/14,瑞典,1,0,0,0,0,0,1,0
2020/2/15,瑞典,1,0,0,0,0,0,1,0
2020/2/16,瑞典,1,0,0,0,0,0,1,0
2020/2/17,瑞典,1,0,0,0,0,0,1,0
2020/2/18,瑞典,1,0,0,0,0,0,1,0
2020/2/19,瑞典,1,0,0,0,0,0,1,0
2020/2/20,瑞典,1,0,0,0,0,0,1,0
2020/2/21,瑞典,1,0,0,0,0,0,1,0
2020/2/22,瑞典,1,0,0,0,0,0,1,0
2020/2/23,瑞典,1,0,0,0,0,0,1,0
2020/2/24,瑞典,1,0,0,0,0,0,1,0
2020/2/25,瑞典,1,0,0,0,0,0,1,0
2020/2/26,瑞典,2,0,0,1,0,0,2,1
2020/2/27,瑞典,7,0,0,5,0,0,7,2.5
2020/2/28,瑞典,11,0,0,4,0,0,11,0.571428571
2020/2/29,瑞典,13,0,0,2,0,0,13,0.181818182
2020/3/1,瑞典,13,0,0,0,0,0,13,0
2020/3/2,瑞典,15,0,0,2,0,0,15,0.153846154
2020/3/3,瑞典,30,0,0,15,0,0,30,1
2020/3/4,瑞典,52,0,0,22,0,0,52,0.733333333
2020/3/5,瑞典,94,0,0,42,0,0,94,0.807692308
2020/3/6,瑞典,136,0,0,42,0,0,136,0.446808511
2020/3/7,瑞典,161,0,0,25,0,0,161,0.183823529
2020/3/8,瑞典,203,0,0,42,0,0,203,0.260869565
2020/3/9,瑞典,261,1,0,58,1,0,260,0.285714286
2020/3/10,瑞典,355,1,0,94,0,0,354,0.361538462
2020/3/11,瑞典,500,1,1,145,0,1,498,0.40960452
2020/3/12,瑞典,687,1,1,187,0,0,685,0.375502008
2020/3/13,瑞典,775,1,1,88,0,0,773,0.128467153
2020/3/14,瑞典,961,1,2,186,0,1,958,0.240620957
2020/3/15,瑞典,1023,1,3,62,0,1,1019,0.064718163
2020/3/16,瑞典,1119,1,7,96,0,4,1111,0.09421001
2020/3/17,瑞典,1119,1,7,0,0,0,1111,0
2020/3/18,瑞典,1292,15,10,173,14,3,1267,0.155715572
2020/3/19,瑞典,1439,16,11,147,1,1,1412,0.116022099
2020/3/20,瑞典,1639,16,16,200,0,5,1607,0.141643059
2020/3/21,瑞典,1770,16,20,131,0,4,1734,0.081518357
2020/3/22,瑞典,1906,16,21,136,0,1,1869,0.078431373
2020/3/23,瑞典,2016,16,25,110,0,4,1975,0.058855003
2020/3/24,瑞典,2272,16,36,256,0,11,2220,0.129620253
2020/3/25,瑞典,2510,16,42,238,0,6,2452,0.107207207
2020/3/26,瑞典,2840,16,77,330,0,35,2747,0.134584013
2020/3/27,瑞典,3069,16,92,229,0,15,2961,0.083363669
2020/3/28,瑞典,3447,16,105,378,0,13,3326,0.127659574
2020/3/29,瑞典,3700,16,110,253,0,5,3574,0.076067348
2020/3/30,瑞典,4028,16,146,328,0,36,3866,0.091773923
2020/3/31,瑞典,4435,16,180,407,0,34,4239,0.105276772
2020/4/1,瑞典,4947,103,239,512,87,59,4605,0.120783204
2020/4/2,瑞典,5568,103,308,621,0,69,5157,0.13485342
2020/4/3,瑞典,6131,205,358,563,102,50,5568,0.109171999
2020/4/4,瑞典,6443,205,373,312,0,15,5865,0.056034483
2020/2/2,瑞士,0,0,0,0,0,0,0,0
2020/2/3,瑞士,0,0,0,0,0,0,0,0
2020/2/4,瑞士,0,0,0,0,0,0,0,0
2020/2/5,瑞士,0,0,0,0,0,0,0,0
2020/2/6,瑞士,0,0,0,0,0,0,0,0
2020/2/7,瑞士,0,0,0,0,0,0,0,0
2020/2/8,瑞士,0,0,0,0,0,0,0,0
2020/2/9,瑞士,0,0,0,0,0,0,0,0
2020/2/10,瑞士,0,0,0,0,0,0,0,0
2020/2/11,瑞士,0,0,0,0,0,0,0,0
2020/2/12,瑞士,0,0,0,0,0,0,0,0
2020/2/13,瑞士,0,0,0,0,0,0,0,0
2020/2/14,瑞士,0,0,0,0,0,0,0,0
2020/2/15,瑞士,0,0,0,0,0,0,0,0
2020/2/16,瑞士,0,0,0,0,0,0,0,0
2020/2/17,瑞士,0,0,0,0,0,0,0,0
2020/2/18,瑞士,0,0,0,0,0,0,0,0
2020/2/19,瑞士,0,0,0,0,0,0,0,0
2020/2/20,瑞士,0,0,0,0,0,0,0,0
2020/2/21,瑞士,0,0,0,0,0,0,0,0
2020/2/22,瑞士,0,0,0,0,0,0,0,0
2020/2/23,瑞士,0,0,0,0,0,0,0,0
2020/2/24,瑞士,0,0,0,0,0,0,0,0
2020/2/25,瑞士,1,0,0,1,0,0,1,0
2020/2/26,瑞士,1,0,0,0,0,0,1,0
2020/2/27,瑞士,6,0,0,5,0,0,6,5
2020/2/28,瑞士,15,0,0,9,0,0,15,1.5
2020/2/29,瑞士,24,0,0,9,0,0,24,0.6
2020/3/1,瑞士,27,0,0,3,0,0,27,0.125
2020/3/2,瑞士,38,0,0,11,0,0,38,0.407407407
2020/3/3,瑞士,46,2,0,8,2,0,44,0.210526316
2020/3/4,瑞士,66,3,0,20,1,0,63,0.454545455
2020/3/5,瑞士,111,3,1,45,0,1,107,0.714285714
2020/3/6,瑞士,210,3,1,99,0,0,206,0.925233645
2020/3/7,瑞士,228,3,1,18,0,0,224,0.087378641
2020/3/8,瑞士,281,3,2,53,0,1,276,0.236607143
2020/3/9,瑞士,337,3,2,56,0,0,332,0.202898551
2020/3/10,瑞士,497,3,3,160,0,1,491,0.481927711
2020/3/11,瑞士,645,3,4,148,0,1,638,0.301425662
2020/3/12,瑞士,868,4,7,223,1,3,857,0.349529781
2020/3/13,瑞士,1009,4,7,141,0,0,998,0.164527421
2020/3/14,瑞士,1139,4,11,130,0,4,1124,0.130260521
2020/3/15,瑞士,2220,4,13,1081,0,2,2203,0.961743772
2020/3/16,瑞士,2220,4,13,0,0,0,2203,0
2020/3/17,瑞士,2269,4,19,49,0,6,2246,0.022242397
2020/3/18,瑞士,3115,4,21,846,0,2,3090,0.376669635
2020/3/19,瑞士,3888,4,33,773,0,12,3851,0.250161812
2020/3/20,瑞士,5407,15,56,1519,11,23,5336,0.394443002
2020/3/21,瑞士,6863,131,80,1456,116,24,6652,0.272863568
2020/3/22,瑞士,7014,131,80,151,0,0,6803,0.02269994
2020/3/23,瑞士,8060,131,100,1046,0,20,7829,0.153755696
2020/3/24,瑞士,9117,131,122,1057,0,22,8864,0.135010857
2020/3/25,瑞士,9877,131,122,760,0,0,9624,0.085740072
2020/3/26,瑞士,11811,131,122,1934,0,0,11558,0.200955943
2020/3/27,瑞士,12928,131,197,1117,0,75,12600,0.096643018
2020/3/28,瑞士,14076,1530,264,1148,1399,67,12282,0.091111111
2020/3/29,瑞士,14829,1595,300,753,65,36,12934,0.061309233
2020/3/30,瑞士,15922,1823,359,1093,228,59,13740,0.084505953
2020/3/31,瑞士,16605,1823,433,683,0,74,14349,0.049708879
2020/4/1,瑞士,17768,2967,488,1163,1144,55,14313,0.081050944
2020/4/2,瑞士,18827,4013,536,1059,1046,48,14278,0.073988682
2020/4/3,瑞士,19606,4846,591,779,833,55,14169,0.054559462
2020/4/4,瑞士,20505,6415,666,899,1569,75,13424,0.063448373
2020/2/2,土耳其,0,0,0,0,0,0,0,0
2020/2/3,土耳其,0,0,0,0,0,0,0,0
2020/2/4,土耳其,0,0,0,0,0,0,0,0
2020/2/5,土耳其,0,0,0,0,0,0,0,0
2020/2/6,土耳其,0,0,0,0,0,0,0,0
2020/2/7,土耳其,0,0,0,0,0,0,0,0
2020/2/8,土耳其,0,0,0,0,0,0,0,0
2020/2/9,土耳其,0,0,0,0,0,0,0,0
2020/2/10,土耳其,0,0,0,0,0,0,0,0
2020/2/11,土耳其,0,0,0,0,0,0,0,0
2020/2/12,土耳其,0,0,0,0,0,0,0,0
2020/2/13,土耳其,0,0,0,0,0,0,0,0
2020/2/14,土耳其,0,0,0,0,0,0,0,0
2020/2/15,土耳其,0,0,0,0,0,0,0,0
2020/2/16,土耳其,0,0,0,0,0,0,0,0
2020/2/17,土耳其,0,0,0,0,0,0,0,0
2020/2/18,土耳其,0,0,0,0,0,0,0,0
2020/2/19,土耳其,0,0,0,0,0,0,0,0
2020/2/20,土耳其,0,0,0,0,0,0,0,0
2020/2/21,土耳其,0,0,0,0,0,0,0,0
2020/2/22,土耳其,0,0,0,0,0,0,0,0
2020/2/23,土耳其,0,0,0,0,0,0,0,0
2020/2/24,土耳其,0,0,0,0,0,0,0,0
2020/2/25,土耳其,0,0,0,0,0,0,0,0
2020/2/26,土耳其,0,0,0,0,0,0,0,0
2020/2/27,土耳其,0,0,0,0,0,0,0,0
2020/2/28,土耳其,0,0,0,0,0,0,0,0
2020/2/29,土耳其,0,0,0,0,0,0,0,0
2020/3/1,土耳其,0,0,0,0,0,0,0,0
2020/3/2,土耳其,0,0,0,0,0,0,0,0
2020/3/3,土耳其,0,0,0,0,0,0,0,0
2020/3/4,土耳其,0,0,0,0,0,0,0,0
2020/3/5,土耳其,0,0,0,0,0,0,0,0
2020/3/6,土耳其,0,0,0,0,0,0,0,0
2020/3/7,土耳其,0,0,0,0,0,0,0,0
2020/3/8,土耳其,0,0,0,0,0,0,0,0
2020/3/9,土耳其,0,0,0,0,0,0,0,0
2020/3/10,土耳其,1,0,0,1,0,0,1,0
2020/3/11,土耳其,1,0,0,0,0,0,1,0
2020/3/12,土耳其,1,0,0,0,0,0,1,0
2020/3/13,土耳其,5,0,0,4,0,0,5,4
2020/3/14,土耳其,6,0,0,1,0,0,6,0.2
2020/3/15,土耳其,18,0,0,12,0,0,18,2
2020/3/16,土耳其,47,0,0,29,0,0,47,1.611111111
2020/3/17,土耳其,98,0,1,51,0,1,97,1.085106383
2020/3/18,土耳其,191,0,2,93,0,1,189,0.958762887
2020/3/19,土耳其,359,0,4,168,0,2,355,0.888888889
2020/3/20,土耳其,670,0,9,311,0,5,661,0.876056338
2020/3/21,土耳其,947,0,21,277,0,12,926,0.419062027
2020/3/22,土耳其,1236,0,30,289,0,9,1206,0.312095032
2020/3/23,土耳其,1529,0,37,293,0,7,1492,0.242951907
2020/3/24,土耳其,1872,0,44,343,0,7,1828,0.229892761
2020/3/25,土耳其,2433,26,59,561,26,15,2348,0.306892779
2020/3/26,土耳其,3629,26,75,1196,0,16,3528,0.509369676
2020/3/27,土耳其,5698,26,92,2069,0,17,5580,0.586451247
2020/3/28,土耳其,7402,70,108,1704,44,16,7224,0.305376344
2020/3/29,土耳其,9217,105,131,1815,35,23,8981,0.251245847
2020/3/30,土耳其,10827,162,168,1610,57,37,10497,0.179267342
2020/3/31,土耳其,13531,243,214,2704,81,46,13074,0.257597409
2020/4/1,土耳其,15679,333,277,2148,90,63,15069,0.164295548
2020/4/2,土耳其,18135,415,356,2456,82,79,17364,0.162983609
2020/4/3,土耳其,20921,484,425,2786,69,69,20012,0.160446902
2020/4/4,土耳其,23934,786,501,3013,302,76,22647,0.150559664
2020/2/2,西班牙,0,0,0,0,0,0,0,0
2020/2/3,西班牙,0,0,0,0,0,0,0,0
2020/2/4,西班牙,1,0,0,1,0,0,1,0
2020/2/5,西班牙,1,0,0,0,0,0,1,0
2020/2/6,西班牙,1,0,0,0,0,0,1,0
2020/2/7,西班牙,1,0,0,0,0,0,1,0
2020/2/8,西班牙,1,0,0,0,0,0,1,0
2020/2/9,西班牙,2,0,0,1,0,0,2,1
2020/2/10,西班牙,2,0,0,0,0,0,2,0
2020/2/11,西班牙,2,0,0,0,0,0,2,0
2020/2/12,西班牙,2,0,0,0,0,0,2,0
2020/2/13,西班牙,2,0,0,0,0,0,2,0
2020/2/14,西班牙,2,0,0,0,0,0,2,0
2020/2/15,西班牙,2,0,0,0,0,0,2,0
2020/2/16,西班牙,2,0,0,0,0,0,2,0
2020/2/17,西班牙,2,0,0,0,0,0,2,0
2020/2/18,西班牙,2,0,0,0,0,0,2,0
2020/2/19,西班牙,2,0,0,0,0,0,2,0
2020/2/20,西班牙,2,0,0,0,0,0,2,0
2020/2/21,西班牙,2,0,0,0,0,0,2,0
2020/2/22,西班牙,2,0,0,0,0,0,2,0
2020/2/23,西班牙,2,0,0,0,0,0,2,0
2020/2/24,西班牙,3,2,0,1,2,0,1,0.5
2020/2/25,西班牙,7,2,0,4,0,0,5,4
2020/2/26,西班牙,13,2,0,6,0,0,11,1.2
2020/2/27,西班牙,13,2,0,0,0,0,11,0
2020/2/28,西班牙,41,2,0,28,0,0,39,2.545454545
2020/2/29,西班牙,58,2,0,17,0,0,56,0.435897436
2020/3/1,西班牙,74,2,0,16,0,0,72,0.285714286
2020/3/2,西班牙,124,3,0,50,1,0,121,0.694444444
2020/3/3,西班牙,165,3,1,41,0,1,161,0.338842975
2020/3/4,西班牙,193,3,1,28,0,0,189,0.173913043
2020/3/5,西班牙,248,3,2,55,0,1,243,0.291005291
2020/3/6,西班牙,387,3,5,139,0,3,379,0.572016461
2020/3/7,西班牙,516,30,10,129,27,5,476,0.340369393
2020/3/8,西班牙,674,30,17,158,0,7,627,0.331932773
2020/3/9,西班牙,1231,32,30,557,2,13,1169,0.888357257
2020/3/10,西班牙,1695,32,35,464,0,5,1628,0.396920445
2020/3/11,西班牙,2277,183,55,582,151,20,2039,0.357493857
2020/3/12,西班牙,3146,189,86,869,6,31,2871,0.426189308
2020/3/13,西班牙,4334,189,120,1188,0,34,4025,0.413793103
2020/3/14,西班牙,6393,571,195,2059,382,75,5627,0.511552795
2020/3/15,西班牙,7753,571,195,1360,0,0,6987,0.241691843
2020/3/16,西班牙,9191,571,309,1438,0,114,8311,0.205810791
2020/3/17,西班牙,11178,1028,491,1987,457,182,9659,0.239080736
2020/3/18,西班牙,14769,1081,638,3591,53,147,13050,0.371777617
2020/3/19,西班牙,17147,1081,767,2378,0,129,15299,0.182222222
2020/3/20,西班牙,21510,1588,1093,4363,507,326,18829,0.285182038
2020/3/21,西班牙,24926,1588,1326,3416,0,233,22012,0.181422274
2020/3/22,西班牙,28572,2575,1720,3646,987,394,24277,0.165636925
2020/3/23,西班牙,33089,3355,2182,4517,780,462,27552,0.186060881
2020/3/24,西班牙,42058,3355,2991,8969,0,809,35712,0.325529907
2020/3/25,西班牙,47610,3355,3434,5552,0,443,40821,0.15546595
2020/3/26,西班牙,56197,7015,4145,8587,3660,711,45037,0.210357414
2020/3/27,西班牙,65719,7015,4858,9522,0,713,53846,0.211426161
2020/3/28,西班牙,73232,12285,5982,7513,5270,1124,54965,0.139527542
2020/3/29,西班牙,80110,14709,6803,6878,2424,821,58598,0.125134176
2020/3/30,西班牙,87956,16780,7716,7846,2071,913,63460,0.133895355
2020/3/31,西班牙,95923,19259,8464,7967,2479,748,68200,0.12554365
2020/4/1,西班牙,104118,22647,9387,8195,3388,923,72084,0.12016129
2020/4/2,西班牙,112065,26743,10348,7947,4096,961,74974,0.110246379
2020/4/3,西班牙,119199,30513,11198,7134,3770,850,77488,0.095152986
2020/4/4,西班牙,124870,34219,11818,5671,3706,620,78833,0.073185526
2020/2/2,伊朗,0,0,0,0,0,0,0,0
2020/2/3,伊朗,0,0,0,0,0,0,0,0
2020/2/4,伊朗,0,0,0,0,0,0,0,0
2020/2/5,伊朗,0,0,0,0,0,0,0,0
2020/2/6,伊朗,0,0,0,0,0,0,0,0
2020/2/7,伊朗,0,0,0,0,0,0,0,0
2020/2/8,伊朗,0,0,0,0,0,0,0,0
2020/2/9,伊朗,0,0,0,0,0,0,0,0
2020/2/10,伊朗,0,0,0,0,0,0,0,0
2020/2/11,伊朗,0,0,0,0,0,0,0,0
2020/2/12,伊朗,0,0,0,0,0,0,0,0
2020/2/13,伊朗,0,0,0,0,0,0,0,0
2020/2/14,伊朗,0,0,0,0,0,0,0,0
2020/2/15,伊朗,0,0,0,0,0,0,0,0
2020/2/16,伊朗,0,0,0,0,0,0,0,0
2020/2/17,伊朗,0,0,0,0,0,0,0,0
2020/2/18,伊朗,0,0,0,0,0,0,0,0
2020/2/19,伊朗,2,0,0,2,0,0,2,0
2020/2/20,伊朗,5,0,2,3,0,2,3,1.5
2020/2/21,伊朗,18,0,4,13,0,2,14,4.333333333
2020/2/22,伊朗,28,0,6,10,0,2,22,0.714285714
2020/2/23,伊朗,43,0,12,15,0,6,31,0.681818182
2020/2/24,伊朗,61,0,12,18,0,0,49,0.580645161
2020/2/25,伊朗,95,0,16,34,0,4,79,0.693877551
2020/2/26,伊朗,139,0,19,44,0,3,120,0.556962025
2020/2/27,伊朗,270,49,26,131,49,7,195,1.091666667
2020/2/28,伊朗,388,49,34,118,0,8,305,0.605128205
2020/2/29,伊朗,593,123,43,205,74,9,427,0.672131148
2020/3/1,伊朗,978,123,54,385,0,11,801,0.901639344
2020/3/2,伊朗,1501,175,66,523,52,12,1260,0.652933833
2020/3/3,伊朗,2336,435,77,835,260,11,1824,0.662698413
2020/3/4,伊朗,2922,435,92,586,0,15,2395,0.32127193
2020/3/5,伊朗,3513,435,107,591,0,15,2971,0.246764092
2020/3/6,伊朗,4747,739,124,1234,304,17,3884,0.415348368
2020/3/7,伊朗,5823,1669,145,1076,930,21,4009,0.277033986
2020/3/8,伊朗,6566,2134,194,743,465,49,4238,0.185333001
2020/3/9,伊朗,7161,2394,237,595,260,43,4530,0.140396413
2020/3/10,伊朗,8042,2731,291,881,337,54,5020,0.194481236
2020/3/11,伊朗,9000,2959,354,958,228,63,5687,0.190836653
2020/3/12,伊朗,10075,3276,429,1075,317,75,6370,0.189027607
2020/3/13,伊朗,11364,3529,514,1289,253,85,7321,0.202354788
2020/3/14,伊朗,12729,4339,611,1365,810,97,7779,0.186449939
2020/3/15,伊朗,13938,4590,724,1209,251,113,8624,0.155418434
2020/3/16,伊朗,14991,4996,853,1053,406,129,9142,0.122101113
2020/3/17,伊朗,16169,5389,988,1178,393,135,9792,0.12885583
2020/3/18,伊朗,17361,5710,1135,1192,321,147,10516,0.121732026
2020/3/19,伊朗,18407,5979,1284,1046,269,149,11144,0.099467478
2020/3/20,伊朗,19644,6745,1433,1237,766,149,11466,0.111001436
2020/3/21,伊朗,20610,7635,1556,966,890,123,11419,0.084249084
2020/3/22,伊朗,21638,7913,1685,1028,278,129,12040,0.090025396
2020/3/23,伊朗,23049,8376,1812,1411,463,127,12861,0.117192691
2020/3/24,伊朗,24811,8913,1934,1762,537,122,13964,0.137003343
2020/3/25,伊朗,27017,9625,2077,2206,712,143,15315,0.157977657
2020/3/26,伊朗,29406,10457,2234,2389,832,157,16715,0.155990859
2020/3/27,伊朗,32332,11133,2378,2926,676,144,18821,0.175052348
2020/3/28,伊朗,35408,11679,2517,3076,546,139,21212,0.163434462
2020/3/29,伊朗,38309,12391,2640,2901,712,123,23278,0.13676221
2020/3/30,伊朗,41495,13911,2757,3186,1520,117,24827,0.136867428
2020/3/31,伊朗,44606,14656,2898,3111,745,141,27052,0.125307125
2020/4/1,伊朗,47593,15473,3036,2987,817,138,29084,0.110416975
2020/4/2,伊朗,50468,16711,3160,2875,1238,124,30597,0.098851602
2020/4/3,伊朗,53183,17935,3294,2715,1224,134,31954,0.08873419
2020/4/4,伊朗,55743,19736,3452,2560,1801,158,32555,0.080115166
2020/2/2,以色列,0,0,0,0,0,0,0,0
2020/2/3,以色列,0,0,0,0,0,0,0,0
2020/2/4,以色列,0,0,0,0,0,0,0,0
2020/2/5,以色列,0,0,0,0,0,0,0,0
2020/2/6,以色列,0,0,0,0,0,0,0,0
2020/2/7,以色列,0,0,0,0,0,0,0,0
2020/2/8,以色列,0,0,0,0,0,0,0,0
2020/2/9,以色列,0,0,0,0,0,0,0,0
2020/2/10,以色列,0,0,0,0,0,0,0,0
2020/2/11,以色列,0,0,0,0,0,0,0,0
2020/2/12,以色列,0,0,0,0,0,0,0,0
2020/2/13,以色列,0,0,0,0,0,0,0,0
2020/2/14,以色列,0,0,0,0,0,0,0,0
2020/2/15,以色列,0,0,0,0,0,0,0,0
2020/2/16,以色列,0,0,0,0,0,0,0,0
2020/2/17,以色列,0,0,0,0,0,0,0,0
2020/2/18,以色列,0,0,0,0,0,0,0,0
2020/2/19,以色列,0,0,0,0,0,0,0,0
2020/2/20,以色列,0,0,0,0,0,0,0,0
2020/2/21,以色列,1,0,0,1,0,0,1,0
2020/2/22,以色列,1,0,0,0,0,0,1,0
2020/2/23,以色列,2,0,0,1,0,0,2,1
2020/2/24,以色列,2,0,0,0,0,0,2,0
2020/2/25,以色列,6,0,0,4,0,0,6,2
2020/2/26,以色列,6,0,0,0,0,0,6,0
2020/2/27,以色列,6,1,0,0,1,0,5,0
2020/2/28,以色列,9,2,0,3,1,0,7,0.6
2020/2/29,以色列,9,2,0,0,0,0,7,0
2020/3/1,以色列,10,2,0,1,0,0,8,0.142857143
2020/3/2,以色列,12,2,0,2,0,0,10,0.25
2020/3/3,以色列,12,2,0,0,0,0,10,0
2020/3/4,以色列,15,2,0,3,0,0,13,0.3
2020/3/5,以色列,17,2,0,2,0,0,15,0.153846154
2020/3/6,以色列,21,2,0,4,0,0,19,0.266666667
2020/3/7,以色列,23,2,0,2,0,0,21,0.105263158
2020/3/8,以色列,39,2,0,16,0,0,37,0.761904762
2020/3/9,以色列,50,4,0,11,2,0,46,0.297297297
2020/3/10,以色列,75,4,0,25,0,0,71,0.543478261
2020/3/11,以色列,97,4,0,22,0,0,93,0.309859155
2020/3/12,以色列,109,4,0,12,0,0,105,0.129032258
2020/3/13,以色列,143,4,0,34,0,0,139,0.323809524
2020/3/14,以色列,195,14,0,52,10,0,181,0.374100719
2020/3/15,以色列,213,14,0,18,0,0,199,0.099447514
2020/3/16,以色列,344,14,0,131,0,0,330,0.658291457
2020/3/17,以色列,344,14,0,0,0,0,330,0
2020/3/18,以色列,433,14,0,89,0,0,419,0.26969697
2020/3/19,以色列,677,14,0,244,0,0,663,0.582338902
2020/3/20,以色列,705,14,1,28,0,1,690,0.042232278
2020/3/21,以色列,883,14,1,178,0,0,868,0.257971014
2020/3/22,以色列,1071,37,1,188,23,0,1033,0.216589862
2020/3/23,以色列,1442,37,1,371,0,0,1404,0.359148112
2020/3/24,以色列,1930,53,3,488,16,2,1874,0.347578348
2020/3/25,以色列,2369,58,5,439,5,2,2306,0.234258271
2020/3/26,以色列,2693,70,8,324,12,3,2615,0.140503036
2020/3/27,以色列,3035,79,12,342,9,4,2944,0.130783939
2020/3/28,以色列,3619,89,12,584,10,0,3518,0.198369565
2020/3/29,以色列,4247,132,15,628,43,3,4100,0.178510517
2020/3/30,以色列,4695,161,16,448,29,1,4518,0.109268293
2020/3/31,以色列,5358,224,20,663,63,4,5114,0.146746348
2020/4/1,以色列,6092,241,26,734,17,6,5825,0.143527571
2020/4/2,以色列,6857,338,36,765,97,10,6483,0.131330472
2020/4/3,以色列,7428,403,40,571,65,4,6985,0.088076508
2020/4/4,以色列,7851,427,44,423,24,4,7380,0.060558339
2020/2/2,意大利,2,0,0,0,0,0,2,0
2020/2/3,意大利,2,0,0,0,0,0,2,0
2020/2/4,意大利,2,0,0,0,0,0,2,0
2020/2/5,意大利,2,0,0,0,0,0,2,0
2020/2/6,意大利,2,0,0,0,0,0,2,0
2020/2/7,意大利,2,0,0,0,0,0,2,0
2020/2/8,意大利,3,0,0,1,0,0,3,0.5
2020/2/9,意大利,3,0,0,0,0,0,3,0
2020/2/10,意大利,3,0,0,0,0,0,3,0
2020/2/11,意大利,3,0,0,0,0,0,3,0
2020/2/12,意大利,3,0,0,0,0,0,3,0
2020/2/13,意大利,3,0,0,0,0,0,3,0
2020/2/14,意大利,3,0,0,0,0,0,3,0
2020/2/15,意大利,3,0,0,0,0,0,3,0
2020/2/16,意大利,3,0,0,0,0,0,3,0
2020/2/17,意大利,3,0,0,0,0,0,3,0
2020/2/18,意大利,3,0,0,0,0,0,3,0
2020/2/19,意大利,3,0,0,0,0,0,3,0
2020/2/20,意大利,3,0,0,0,0,0,3,0
2020/2/21,意大利,6,0,0,3,0,0,6,1
2020/2/22,意大利,79,0,2,73,0,2,77,12.16666667
2020/2/23,意大利,157,1,3,78,1,1,153,1.012987013
2020/2/24,意大利,229,1,7,72,0,4,221,0.470588235
2020/2/25,意大利,323,1,11,94,0,4,311,0.425339367
2020/2/26,意大利,470,3,12,147,2,1,455,0.47266881
2020/2/27,意大利,653,45,17,183,42,5,591,0.402197802
2020/2/28,意大利,888,46,21,235,1,4,821,0.397631134
2020/2/29,意大利,1128,50,29,240,4,8,1049,0.292326431
2020/3/1,意大利,1694,83,34,566,33,5,1577,0.539561487
2020/3/2,意大利,2036,149,52,342,66,18,1835,0.21686747
2020/3/3,意大利,2502,160,79,466,11,27,2263,0.253950954
2020/3/4,意大利,3089,160,107,587,0,28,2822,0.25939019
2020/3/5,意大利,3927,414,148,838,254,41,3365,0.296952516
2020/3/6,意大利,4680,523,197,753,109,49,3960,0.223774146
2020/3/7,意大利,5883,589,233,1203,66,36,5061,0.303787879
2020/3/8,意大利,7424,622,366,1541,33,133,6436,0.30448528
2020/3/9,意大利,9172,724,463,1748,102,97,7985,0.271597265
2020/3/10,意大利,10283,1004,631,1111,280,168,8648,0.13913588
2020/3/11,意大利,12462,1045,827,2179,41,196,10590,0.251965772
2020/3/12,意大利,15113,1258,1016,2651,213,189,12839,0.2503305
2020/3/13,意大利,17660,1439,1266,2547,181,250,14955,0.198379936
2020/3/14,意大利,21157,1966,1441,3497,527,175,17750,0.233834838
2020/3/15,意大利,24747,2335,1809,3590,369,368,20603,0.202253521
2020/3/16,意大利,27980,2749,2158,3233,414,349,23073,0.156918895
2020/3/17,意大利,31506,2941,2503,3526,192,345,26062,0.152819313
2020/3/18,意大利,35713,4025,2978,4207,1084,475,28710,0.161422761
2020/3/19,意大利,41035,4440,3405,5322,415,427,33190,0.185370951
2020/3/20,意大利,47021,5129,4032,5986,689,627,37860,0.180355529
2020/3/21,意大利,53578,6072,4825,6557,943,793,42681,0.173190703
2020/3/22,意大利,59138,7024,5476,5560,952,651,46638,0.130268738
2020/3/23,意大利,63927,7432,6077,4789,408,601,50418,0.102684506
2020/3/24,意大利,69176,8326,6820,5249,894,743,54030,0.104109643
2020/3/25,意大利,74386,9362,7503,5210,1036,683,57521,0.09642791
2020/3/26,意大利,80539,10361,8165,6153,999,662,62013,0.106969628
2020/3/27,意大利,86498,10950,9134,5959,589,969,66414,0.096092755
2020/3/28,意大利,92472,12384,10023,5974,1434,889,70065,0.089950914
2020/3/29,意大利,97689,13030,10779,5217,646,756,73880,0.074459431
2020/3/30,意大利,101739,14620,11591,4050,1590,812,75528,0.054818625
2020/3/31,意大利,105792,15729,12428,4053,1109,837,77635,0.053662218
2020/4/1,意大利,110574,16847,13155,4782,1118,727,80572,0.06159593
2020/4/2,意大利,115242,18278,13915,4668,1431,760,83049,0.057935759
2020/4/3,意大利,119827,19758,14681,4585,1480,766,85388,0.055208371
2020/4/4,意大利,124632,20996,15362,4805,1238,681,88274,0.056272544
2020/2/2,印度,3,0,0,0,0,0,3,0
2020/2/3,印度,3,0,0,0,0,0,3,0
2020/2/4,印度,3,0,0,0,0,0,3,0
2020/2/5,印度,3,0,0,0,0,0,3,0
2020/2/6,印度,3,0,0,0,0,0,3,0
2020/2/7,印度,3,0,0,0,0,0,3,0
2020/2/8,印度,3,0,0,0,0,0,3,0
2020/2/9,印度,3,0,0,0,0,0,3,0
2020/2/10,印度,3,0,0,0,0,0,3,0
2020/2/11,印度,3,0,0,0,0,0,3,0
2020/2/12,印度,3,0,0,0,0,0,3,0
2020/2/13,印度,3,0,0,0,0,0,3,0
2020/2/14,印度,3,0,0,0,0,0,3,0
2020/2/15,印度,3,0,0,0,0,0,3,0
2020/2/16,印度,3,0,0,0,0,0,3,0
2020/2/17,印度,3,0,0,0,0,0,3,0
2020/2/18,印度,3,3,0,0,3,0,0,0
2020/2/19,印度,3,3,0,0,0,0,0,0
2020/2/20,印度,3,3,0,0,0,0,0,0
2020/2/21,印度,3,3,0,0,0,0,0,0
2020/2/22,印度,3,3,0,0,0,0,0,0
2020/2/23,印度,3,3,0,0,0,0,0,0
2020/2/24,印度,3,3,0,0,0,0,0,0
2020/2/25,印度,3,3,0,0,0,0,0,0
2020/2/26,印度,3,3,0,0,0,0,0,0
2020/2/27,印度,3,3,0,0,0,0,0,0
2020/2/28,印度,3,3,0,0,0,0,0,0
2020/2/29,印度,3,3,0,0,0,0,0,0
2020/3/1,印度,3,3,0,0,0,0,0,0
2020/3/2,印度,5,3,0,2,0,0,2,0
2020/3/3,印度,11,3,0,6,0,0,8,3
2020/3/4,印度,29,3,0,18,0,0,26,2.25
2020/3/5,印度,30,3,0,1,0,0,27,0.038461538
2020/3/6,印度,31,3,0,1,0,0,28,0.037037037
2020/3/7,印度,34,3,0,3,0,0,31,0.107142857
2020/3/8,印度,40,3,0,6,0,0,37,0.193548387
2020/3/9,印度,47,4,0,7,1,0,43,0.189189189
2020/3/10,印度,61,4,0,14,0,0,57,0.325581395
2020/3/11,印度,68,4,0,7,0,0,64,0.122807018
2020/3/12,印度,74,4,0,6,0,0,70,0.09375
2020/3/13,印度,81,4,1,7,0,1,76,0.1
2020/3/14,印度,84,10,2,3,6,1,72,0.039473684
2020/3/15,印度,110,13,2,26,3,0,95,0.361111111
2020/3/16,印度,117,13,2,7,0,0,102,0.073684211
2020/3/17,印度,137,13,3,20,0,1,121,0.196078431
2020/3/18,印度,151,13,3,14,0,0,135,0.115702479
2020/3/19,印度,173,13,4,22,0,1,156,0.162962963
2020/3/20,印度,223,20,5,50,7,1,198,0.320512821
2020/3/21,印度,315,23,5,92,3,0,287,0.464646465
2020/3/22,印度,396,23,6,81,0,1,367,0.282229965
2020/3/23,印度,471,24,8,75,1,2,439,0.204359673
2020/3/24,印度,536,40,9,65,16,1,487,0.148063781
2020/3/25,印度,606,42,10,70,2,1,554,0.143737166
2020/3/26,印度,694,44,16,88,2,6,634,0.158844765
2020/3/27,印度,887,73,20,193,29,4,794,0.304416404
2020/3/28,印度,987,84,24,100,11,4,879,0.125944584
2020/3/29,印度,1024,95,27,37,11,3,902,0.042093288
2020/3/30,印度,1251,102,32,227,7,5,1117,0.251662971
2020/3/31,印度,1397,123,35,146,21,3,1239,0.130707252
2020/4/1,印度,1998,148,58,601,25,23,1792,0.485068604
2020/4/2,印度,2543,191,72,545,43,14,2280,0.304129464
2020/4/3,印度,2567,192,72,24,1,0,2303,0.010526316
2020/4/4,印度,3588,229,86,1021,37,14,3273,0.443334781
2020/2/2,英国,2,0,0,0,0,0,2,0
2020/2/3,英国,2,0,0,0,0,0,2,0
2020/2/4,英国,2,0,0,0,0,0,2,0
2020/2/5,英国,2,0,0,0,0,0,2,0
2020/2/6,英国,3,0,0,1,0,0,3,0.5
2020/2/7,英国,3,0,0,0,0,0,3,0
2020/2/8,英国,3,0,0,0,0,0,3,0
2020/2/9,英国,8,0,0,5,0,0,8,1.666666667
2020/2/10,英国,8,0,0,0,0,0,8,0
2020/2/11,英国,8,0,0,0,0,0,8,0
2020/2/12,英国,9,0,0,1,0,0,9,0.125
2020/2/13,英国,9,0,0,0,0,0,9,0
2020/2/14,英国,9,0,0,0,0,0,9,0
2020/2/15,英国,9,8,0,0,8,0,1,0
2020/2/16,英国,9,8,0,0,0,0,1,0
2020/2/17,英国,9,8,0,0,0,0,1,0
2020/2/18,英国,9,8,0,0,0,0,1,0
2020/2/19,英国,9,8,0,0,0,0,1,0
2020/2/20,英国,9,8,0,0,0,0,1,0
2020/2/21,英国,9,8,0,0,0,0,1,0
2020/2/22,英国,9,8,0,0,0,0,1,0
2020/2/23,英国,13,8,0,4,0,0,5,4
2020/2/24,英国,13,8,0,0,0,0,5,0
2020/2/25,英国,13,8,0,0,0,0,5,0
2020/2/26,英国,13,8,0,0,0,0,5,0
2020/2/27,英国,16,8,0,3,0,0,8,0.6
2020/2/28,英国,20,8,0,4,0,0,12,0.5
2020/2/29,英国,23,8,0,3,0,0,15,0.25
2020/3/1,英国,36,8,0,13,0,0,28,0.866666667
2020/3/2,英国,40,8,0,4,0,0,32,0.142857143
2020/3/3,英国,51,8,0,11,0,0,43,0.34375
2020/3/4,英国,85,8,0,34,0,0,77,0.790697674
2020/3/5,英国,116,8,1,31,0,1,107,0.402597403
2020/3/6,英国,163,8,2,47,0,1,153,0.439252336
2020/3/7,英国,206,8,2,43,0,0,196,0.281045752
2020/3/8,英国,273,18,2,67,10,0,253,0.341836735
2020/3/9,英国,321,18,5,48,0,3,298,0.18972332
2020/3/10,英国,383,18,6,62,0,1,359,0.208053691
2020/3/11,英国,460,18,8,77,0,2,434,0.21448468
2020/3/12,英国,590,18,10,130,0,2,562,0.299539171
2020/3/13,英国,798,18,10,208,0,0,770,0.370106762
2020/3/14,英国,1140,18,21,342,0,11,1101,0.444155844
2020/3/15,英国,1372,18,35,232,0,14,1319,0.21071753
2020/3/16,英国,1543,18,35,171,0,0,1490,0.129643669
2020/3/17,英国,1950,52,56,407,34,21,1842,0.273154362
2020/3/18,英国,2626,52,71,676,0,15,2503,0.3669924
2020/3/19,英国,3269,79,144,643,27,73,3046,0.25689173
2020/3/20,英国,3983,79,177,714,0,33,3727,0.234405778
2020/3/21,英国,5027,98,234,1044,19,57,4695,0.280118057
2020/3/22,英国,5683,98,281,656,0,47,5304,0.13972311
2020/3/23,英国,6650,98,335,967,0,54,6217,0.182315234
2020/3/24,英国,8077,98,422,1427,0,87,7557,0.229531929
2020/3/25,英国,9529,140,465,1452,42,43,8924,0.192139738
2020/3/26,英国,11658,140,578,2129,0,113,10940,0.238570148
2020/3/27,英国,14579,140,759,2921,0,181,13680,0.267001828
2020/3/28,英国,17089,151,1019,2510,11,260,15919,0.183479532
2020/3/29,英国,19780,151,1231,2691,0,212,18398,0.169043282
2020/3/30,英国,22453,171,1411,2673,20,180,20871,0.145287531
2020/3/31,英国,25481,179,1793,3028,8,382,23509,0.145081692
2020/4/1,英国,29474,179,2352,3993,0,559,26943,0.169849845
2020/4/2,英国,34167,191,2926,4693,12,574,31050,0.174182533
2020/4/3,英国,38668,205,3611,4501,14,685,34852,0.144959742
2020/4/4,英国,42449,215,4320,3781,10,709,37914,0.108487318
